,state,state_po,dem_share,rep_share,rep_votes,dem_votes,tot_state_votes,dem_candidate,rep_candidate,year
0,ALABAMA,AL,0.5666672397785496,0.43333276022145045,504070,659170,1182850,"CARTER, JIMMY","FORD, GERALD",1976
1,ALASKA,AK,0.38108171226419174,0.6189182877358083,71555,44058,123574,"CARTER, JIMMY","FORD, GERALD",1976
2,ARIZONA,AZ,0.41386696983103816,0.5861330301689619,418642,295602,742719,"CARTER, JIMMY","FORD, GERALD",1976
3,ARKANSAS,AR,0.6504885147819915,0.34951148521800846,267903,498604,767535,"CARTER, JIMMY","FORD, GERALD",1976
4,CALIFORNIA,CA,0.49082172693181797,0.5091782730681821,3882244,3742284,7803770,"CARTER, JIMMY","FORD, GERALD",1976
5,COLORADO,CO,0.4409245616838536,0.5590754383161465,584278,460801,1081440,"CARTER, JIMMY","FORD, GERALD",1976
6,CONNECTICUT,CT,0.4738998329378652,0.5261001670621348,719261,647895,1386355,"CARTER, JIMMY","FORD, GERALD",1976
7,DELAWARE,DE,0.527301380893124,0.47269861910687605,109780,122461,235642,"CARTER, JIMMY","FORD, GERALD",1976
8,DISTRICT OF COLUMBIA,DC,0.8317772238685264,0.16822277613147366,27873,137818,168830,"CARTER, JIMMY","FORD, GERALD",1976
9,FLORIDA,FL,0.526802018720792,0.473197981279208,1469531,1636000,3150631,"CARTER, JIMMY","FORD, GERALD",1976
10,GEORGIA,GA,0.6693829485931742,0.3306170514068258,483743,979409,1463152,"CARTER, JIMMY","FORD, GERALD",1976
11,HAWAII,HI,0.5128263123829938,0.4871736876170062,140003,147375,291301,"CARTER, JIMMY","FORD, GERALD",1976
12,IDAHO,ID,0.38267009374055033,0.6173299062594496,204151,126549,340932,"CARTER, JIMMY","FORD, GERALD",1976
13,ILLINOIS,IL,0.4899716625636061,0.510028337436394,2364269,2271295,4721282,"CARTER, JIMMY","FORD, GERALD",1976
14,INDIANA,IN,0.46151222192305175,0.5384877780769483,1183958,1014714,2220362,"CARTER, JIMMY","FORD, GERALD",1976
15,IOWA,IA,0.4948383414684765,0.5051616585315235,632864,619931,1279303,"CARTER, JIMMY","FORD, GERALD",1976
16,KANSAS,KS,0.4612445923746186,0.5387554076253813,502752,430421,957845,"CARTER, JIMMY","FORD, GERALD",1976
17,KENTUCKY,KY,0.5365402864664347,0.4634597135335653,531852,615717,1167142,"CARTER, JIMMY","FORD, GERALD",1976
18,LOUISIANA,LA,0.5295957514788067,0.47040424852119334,587446,661365,1277383,"CARTER, JIMMY","FORD, GERALD",1976
19,MAINE,ME,0.49568821102904614,0.5043117889709539,236320,232279,482968,"CARTER, JIMMY","FORD, GERALD",1976
20,MARYLAND,MD,0.5303541992343639,0.46964580076563617,672661,759612,1432273,"CARTER, JIMMY","FORD, GERALD",1976
21,MASSACHUSETTS,MA,0.5811462217110593,0.4188537782889406,1030276,1429475,2547558,"CARTER, JIMMY","FORD, GERALD",1976
22,MICHIGAN,MI,0.4725622595013001,0.5274377404986998,1893742,1696714,3651590,"CARTER, JIMMY","FORD, GERALD",1976
23,MINNESOTA,MN,0.566419819719711,0.433580180280289,819395,1070440,1949931,"CARTER, JIMMY","FORD, GERALD",1976
24,MISSISSIPPI,MS,0.509678885287533,0.490321114712467,366846,381329,768390,"CARTER, JIMMY","FORD, GERALD",1976
25,MISSOURI,MO,0.5184190712575877,0.4815809287424124,927443,998387,1953600,"CARTER, JIMMY","FORD, GERALD",1976
26,MONTANA,MT,0.46215653854013783,0.5378434614598622,173703,149259,328734,"CARTER, JIMMY","FORD, GERALD",1976
27,NEBRASKA,NE,0.39373548552603155,0.6062645144739685,359219,233293,606749,"CARTER, JIMMY","FORD, GERALD",1976
28,NEVADA,NV,0.4773060407118378,0.5226939592881622,101273,92479,201876,"CARTER, JIMMY","FORD, GERALD",1976
29,NEW HAMPSHIRE,NH,0.44260747047185084,0.5573925295281492,185935,147645,339627,"CARTER, JIMMY","FORD, GERALD",1976
30,NEW JERSEY,NJ,0.48899331526049294,0.511006684739507,1509688,1444653,3014472,"CARTER, JIMMY","FORD, GERALD",1976
31,NEW MEXICO,NM,0.4875523248345117,0.5124476751654883,211419,201148,416590,"CARTER, JIMMY","FORD, GERALD",1976
32,NEW YORK,NY,0.534451946087019,0.46554805391298104,2825913,3244165,6668262,"CARTER, JIMMY","FORD, GERALD",1976
33,NORTH CAROLINA,NC,0.5555329249846495,0.44446707501535054,741960,927365,1677906,"CARTER, JIMMY","FORD, GERALD",1976
34,NORTH DAKOTA,ND,0.4696198949482679,0.5303801050517322,153684,136078,297308,"CARTER, JIMMY","FORD, GERALD",1976
35,OHIO,OH,0.5011635459664862,0.4988364540335138,2000626,2009959,4110456,"CARTER, JIMMY","FORD, GERALD",1976
36,OKLAHOMA,OK,0.49384779483374297,0.506152205166257,545708,532442,1092251,"CARTER, JIMMY","FORD, GERALD",1976
37,OREGON,OR,0.4991282682307967,0.5008717317692033,492120,490407,1029876,"CARTER, JIMMY","FORD, GERALD",1976
38,PENNSYLVANIA,PA,0.513571390921736,0.486428609078264,2205604,2328677,4620787,"CARTER, JIMMY","FORD, GERALD",1976
39,RHODE ISLAND,RI,0.5567237731880602,0.4432762268119398,181249,227636,410584,"CARTER, JIMMY","FORD, GERALD",1976
40,SOUTH CAROLINA,SC,0.565661090449159,0.4343389095508409,346149,450807,802583,"CARTER, JIMMY","FORD, GERALD",1976
41,SOUTH DAKOTA,SD,0.4925696563319523,0.5074303436680477,151505,147068,300678,"CARTER, JIMMY","FORD, GERALD",1976
42,TENNESSEE,TN,0.5657294458053167,0.4342705541946833,633969,825879,1476346,"CARTER, JIMMY","FORD, GERALD",1976
43,TEXAS,TX,0.5159850322837711,0.4840149677162289,1953300,2082319,4071884,"CARTER, JIMMY","FORD, GERALD",1976
44,UTAH,UT,0.35019941617405553,0.6498005838259445,337908,182110,541218,"CARTER, JIMMY","FORD, GERALD",1976
45,VERMONT,VT,0.43661363189943037,0.5633863681005696,100387,77798,183902,"CARTER, JIMMY","FORD, GERALD",1976
46,VIRGINIA,VA,0.4931358114453634,0.5068641885546367,836554,813896,1697094,"CARTER, JIMMY","FORD, GERALD",1976
47,WASHINGTON,WA,0.47979706432204833,0.5202029356779516,777732,717323,1555534,"CARTER, JIMMY","FORD, GERALD",1976
48,WEST VIRGINIA,WV,0.5806951864533234,0.4193048135466766,314726,435864,750590,"CARTER, JIMMY","FORD, GERALD",1976
49,WISCONSIN,WI,0.5086164366749967,0.4913835633250033,1004987,1040232,2101336,"CARTER, JIMMY","FORD, GERALD",1976
50,WYOMING,WY,0.40165595394821757,0.5983440460517825,92717,62239,156343,"CARTER, JIMMY","FORD, GERALD",1976
51,ALABAMA,AL,0.49323661692960535,0.5067633830703947,654192,636730,1341929,"CARTER, JIMMY","REAGAN, RONALD",1980
52,ALASKA,AK,0.32700814355158886,0.6729918564484112,86112,41842,158445,"CARTER, JIMMY","REAGAN, RONALD",1980
53,ARIZONA,AZ,0.3178791316766491,0.682120868323351,529688,246843,873945,"CARTER, JIMMY","REAGAN, RONALD",1980
54,ARKANSAS,AR,0.4968029405707653,0.5031970594292348,403164,398041,837582,"CARTER, JIMMY","REAGAN, RONALD",1980
55,CALIFORNIA,CA,0.4053337544079053,0.5946662455920947,4522994,3082943,8582938,"CARTER, JIMMY","REAGAN, RONALD",1980
56,COLORADO,CO,0.36069659787135405,0.639303402128646,652264,368009,1184450,"CARTER, JIMMY","REAGAN, RONALD",1980
57,CONNECTICUT,CT,0.4444280367728735,0.5555719632271264,677210,541732,1406285,"CARTER, JIMMY","REAGAN, RONALD",1980
58,DELAWARE,DE,0.48733214749822584,0.5126678525017742,111252,105754,235668,"CARTER, JIMMY","REAGAN, RONALD",1980
59,DISTRICT OF COLUMBIA,DC,0.8481673005783359,0.15183269942166414,23313,130231,173889,"CARTER, JIMMY","REAGAN, RONALD",1980
60,FLORIDA,FL,0.4094923705280309,0.5905076294719691,2046951,1419475,3686927,"CARTER, JIMMY","REAGAN, RONALD",1980
61,GEORGIA,GA,0.5766239969245167,0.4233760030754833,654168,890955,1596805,"CARTER, JIMMY","REAGAN, RONALD",1980
62,HAWAII,HI,0.510840592350869,0.48915940764913096,130112,135879,303287,"CARTER, JIMMY","REAGAN, RONALD",1980
63,IDAHO,ID,0.2748677321266878,0.7251322678733122,290699,110192,437431,"CARTER, JIMMY","REAGAN, RONALD",1980
64,ILLINOIS,IL,0.45660337617889035,0.5433966238211096,2358049,1981413,4749721,"CARTER, JIMMY","REAGAN, RONALD",1980
65,INDIANA,IN,0.4020267132985023,0.5979732867014976,1255656,844197,2242033,"CARTER, JIMMY","REAGAN, RONALD",1980
66,IOWA,IA,0.42936849728791643,0.5706315027120836,676026,508672,1317661,"CARTER, JIMMY","REAGAN, RONALD",1980
67,KANSAS,KS,0.3652451056147966,0.6347548943852034,566812,326150,979795,"CARTER, JIMMY","REAGAN, RONALD",1980
68,KENTUCKY,KY,0.4928725439873041,0.5071274560126958,635274,617417,1295627,"CARTER, JIMMY","REAGAN, RONALD",1980
69,LOUISIANA,LA,0.4718911401140074,0.5281088598859925,792853,708453,1548591,"CARTER, JIMMY","REAGAN, RONALD",1980
70,MAINE,ME,0.4809051656597664,0.5190948343402336,238522,220974,523011,"CARTER, JIMMY","REAGAN, RONALD",1980
71,MARYLAND,MD,0.516191380662185,0.483808619337815,680606,726161,1540496,"CARTER, JIMMY","REAGAN, RONALD",1980
72,MASSACHUSETTS,MA,0.49909326983143676,0.5009067301685632,1057631,1053802,2524090,"CARTER, JIMMY","REAGAN, RONALD",1980
73,MICHIGAN,MI,0.46453589103201587,0.5354641089679841,1915225,1661532,3909725,"CARTER, JIMMY","REAGAN, RONALD",1980
74,MINNESOTA,MN,0.5221361455718679,0.477863854428132,873268,954173,2051916,"CARTER, JIMMY","REAGAN, RONALD",1980
75,MISSISSIPPI,MS,0.4932166779645438,0.5067833220354562,441089,429281,891750,"CARTER, JIMMY","REAGAN, RONALD",1980
76,MISSOURI,MO,0.4643458565855658,0.5356541434144342,1074181,931182,2099824,"CARTER, JIMMY","REAGAN, RONALD",1980
77,MONTANA,MT,0.36334755545704733,0.6366524445429527,206814,118032,363952,"CARTER, JIMMY","REAGAN, RONALD",1980
78,NEBRASKA,NE,0.2841755487178086,0.7158244512821914,419214,166424,639533,"CARTER, JIMMY","REAGAN, RONALD",1980
79,NEVADA,NV,0.3007267133699923,0.6992732866300078,155017,66666,243692,"CARTER, JIMMY","REAGAN, RONALD",1980
80,NEW HAMPSHIRE,NH,0.3293230762715197,0.6706769237284803,221705,108864,383990,"CARTER, JIMMY","REAGAN, RONALD",1980
81,NEW JERSEY,NJ,0.4259085548536872,0.5740914451463127,1546557,1147364,2975684,"CARTER, JIMMY","REAGAN, RONALD",1980
82,NEW MEXICO,NM,0.4009173325688895,0.5990826674311105,250779,167826,456237,"CARTER, JIMMY","REAGAN, RONALD",1980
83,NEW YORK,NY,0.5084486380354196,0.49155136196458044,2637700,2728372,6201959,"CARTER, JIMMY","REAGAN, RONALD",1980
84,NORTH CAROLINA,NC,0.4890031737025543,0.5109968262974457,915018,875635,1855833,"CARTER, JIMMY","REAGAN, RONALD",1980
85,NORTH DAKOTA,ND,0.2901929024787089,0.7098070975212911,193695,79189,301116,"CARTER, JIMMY","REAGAN, RONALD",1980
86,OHIO,OH,0.4426451498992538,0.5573548501007461,2206545,1752414,4283603,"CARTER, JIMMY","REAGAN, RONALD",1980
87,OKLAHOMA,OK,0.366278667196309,0.633721332803691,695570,402026,1149708,"CARTER, JIMMY","REAGAN, RONALD",1980
88,OREGON,OR,0.44447406156426383,0.5555259384357362,571044,456890,1181516,"CARTER, JIMMY","REAGAN, RONALD",1980
89,PENNSYLVANIA,PA,0.46138364132883364,0.5386163586711663,2261872,1937540,4561501,"CARTER, JIMMY","REAGAN, RONALD",1980
90,RHODE ISLAND,RI,0.5616605547453524,0.43833944525464763,154793,198342,415967,"CARTER, JIMMY","REAGAN, RONALD",1980
91,SOUTH CAROLINA,SC,0.4936270672982154,0.5063729327017845,439277,428220,888258,"CARTER, JIMMY","REAGAN, RONALD",1980
92,SOUTH DAKOTA,SD,0.3436654114190034,0.6563345885809966,198343,103855,327703,"CARTER, JIMMY","REAGAN, RONALD",1980
93,TENNESSEE,TN,0.4985007753951459,0.5014992246048541,787761,783051,1617616,"CARTER, JIMMY","REAGAN, RONALD",1980
94,TEXAS,TX,0.4283265920618454,0.5716734079381546,2510705,1881147,4541636,"CARTER, JIMMY","REAGAN, RONALD",1980
95,UTAH,UT,0.22034814957984086,0.7796518504201592,439687,124266,604152,"CARTER, JIMMY","REAGAN, RONALD",1980
96,VERMONT,VT,0.4641069203760335,0.5358930796239665,94628,81952,213299,"CARTER, JIMMY","REAGAN, RONALD",1980
97,VIRGINIA,VA,0.4318413947087553,0.5681586052912446,989609,752174,1866032,"CARTER, JIMMY","REAGAN, RONALD",1980
98,WASHINGTON,WA,0.429046539051112,0.570953460948888,865244,650193,1742394,"CARTER, JIMMY","REAGAN, RONALD",1980
99,WEST VIRGINIA,WV,0.5236978172012975,0.4763021827987025,334206,367462,737715,"CARTER, JIMMY","REAGAN, RONALD",1980
100,WISCONSIN,WI,0.4740969142143971,0.5259030857856029,1088845,981584,2273221,"CARTER, JIMMY","REAGAN, RONALD",1980
101,WYOMING,WY,0.3086737402187014,0.6913262597812986,110700,49427,176713,"CARTER, JIMMY","REAGAN, RONALD",1980
102,ALABAMA,AL,0.38736604648681733,0.6126339535131827,872849,551899,1441713,"MONDALE, WALTER","REAGAN, RONALD",1984
103,ALASKA,AK,0.30944087352283617,0.6905591264771639,138377,62007,207605,"MONDALE, WALTER","REAGAN, RONALD",1984
104,ARIZONA,AZ,0.3288327242999399,0.6711672757000601,681416,333854,1025897,"MONDALE, WALTER","REAGAN, RONALD",1984
105,ARKANSAS,AR,0.3877241189805592,0.6122758810194409,534774,338646,884406,"MONDALE, WALTER","REAGAN, RONALD",1984
106,CALIFORNIA,CA,0.41775465177802334,0.5822453482219766,5467009,3922519,9505041,"MONDALE, WALTER","REAGAN, RONALD",1984
107,COLORADO,CO,0.356342301643494,0.643657698356506,821817,454975,1295380,"MONDALE, WALTER","REAGAN, RONALD",1984
108,CONNECTICUT,CT,0.39000831236981964,0.6099916876301803,890877,569597,1466900,"MONDALE, WALTER","REAGAN, RONALD",1984
109,DELAWARE,DE,0.40046327300804424,0.5995367269919557,152190,101656,254572,"MONDALE, WALTER","REAGAN, RONALD",1984
110,DISTRICT OF COLUMBIA,DC,0.8614773394710076,0.1385226605289924,29009,180408,211288,"MONDALE, WALTER","REAGAN, RONALD",1984
111,FLORIDA,FL,0.34667586786454524,0.6533241321354548,2730350,1448816,4180051,"MONDALE, WALTER","REAGAN, RONALD",1984
112,GEORGIA,GA,0.398021798518602,0.601978201481398,1068722,706628,1776103,"MONDALE, WALTER","REAGAN, RONALD",1984
113,HAWAII,HI,0.442962757823506,0.557037242176494,185050,147154,335846,"MONDALE, WALTER","REAGAN, RONALD",1984
114,IDAHO,ID,0.2672442880258501,0.7327557119741499,297523,108510,411144,"MONDALE, WALTER","REAGAN, RONALD",1984
115,ILLINOIS,IL,0.4352674669277925,0.5647325330722075,2707103,2086499,4819088,"MONDALE, WALTER","REAGAN, RONALD",1984
116,INDIANA,IN,0.37926570878316285,0.6207342912168372,1377230,841481,2233069,"MONDALE, WALTER","REAGAN, RONALD",1984
117,IOWA,IA,0.4627617466997986,0.5372382533002015,703088,605620,1319805,"MONDALE, WALTER","REAGAN, RONALD",1984
118,KANSAS,KS,0.3297052288843034,0.6702947711156966,677296,333149,1021991,"MONDALE, WALTER","REAGAN, RONALD",1984
119,KENTUCKY,KY,0.39635817610548024,0.6036418238945198,821702,539539,1369345,"MONDALE, WALTER","REAGAN, RONALD",1984
120,LOUISIANA,LA,0.3858083883745785,0.6141916116254215,1037299,651586,1706822,"MONDALE, WALTER","REAGAN, RONALD",1984
121,MAINE,ME,0.38930882099398384,0.6106911790060162,336500,214515,553144,"MONDALE, WALTER","REAGAN, RONALD",1984
122,MARYLAND,MD,0.4724247280785537,0.5275752719214463,879918,787935,1675873,"MONDALE, WALTER","REAGAN, RONALD",1984
123,MASSACHUSETTS,MA,0.48601669762740624,0.5139833023725937,1310936,1239606,2559383,"MONDALE, WALTER","REAGAN, RONALD",1984
124,MICHIGAN,MI,0.40453675001831424,0.5954632499816858,2251571,1529638,3801658,"MONDALE, WALTER","REAGAN, RONALD",1984
125,MINNESOTA,MN,0.5009089076819495,0.4990910923180505,1032603,1036364,2084449,"MONDALE, WALTER","REAGAN, RONALD",1984
126,MISSISSIPPI,MS,0.3768496494105839,0.623150350589416,582377,352192,941104,"MONDALE, WALTER","REAGAN, RONALD",1984
127,MISSOURI,MO,0.39975249332122964,0.6002475066787704,1274188,848583,2122771,"MONDALE, WALTER","REAGAN, RONALD",1984
128,MONTANA,MT,0.38698601236313,0.61301398763687,232450,146742,384377,"MONDALE, WALTER","REAGAN, RONALD",1984
129,NEBRASKA,NE,0.28995246326707,0.71004753673293,460054,187866,652090,"MONDALE, WALTER","REAGAN, RONALD",1984
130,NEVADA,NV,0.3268431844521708,0.6731568155478291,188770,91655,282717,"MONDALE, WALTER","REAGAN, RONALD",1984
131,NEW HAMPSHIRE,NH,0.31065547745594313,0.6893445225440569,267050,120347,388904,"MONDALE, WALTER","REAGAN, RONALD",1984
132,NEW JERSEY,NJ,0.39478608918503655,0.6052139108149635,1933630,1261323,3217862,"MONDALE, WALTER","REAGAN, RONALD",1984
133,NEW MEXICO,NM,0.39650401870811797,0.603495981291882,307101,201769,514370,"MONDALE, WALTER","REAGAN, RONALD",1984
134,NEW YORK,NY,0.47058282129711104,0.529417178702889,3376519,3001285,6806810,"MONDALE, WALTER","REAGAN, RONALD",1984
135,NORTH CAROLINA,NC,0.3797213705011314,0.6202786294988686,1346481,824287,2175361,"MONDALE, WALTER","REAGAN, RONALD",1984
136,NORTH DAKOTA,ND,0.3426541761685233,0.6573458238314767,200336,104429,308971,"MONDALE, WALTER","REAGAN, RONALD",1984
137,OHIO,OH,0.40529316280931676,0.5947068371906832,2678559,1825440,4563235,"MONDALE, WALTER","REAGAN, RONALD",1984
138,OKLAHOMA,OK,0.3089017415230104,0.6910982584769896,861530,385080,1255676,"MONDALE, WALTER","REAGAN, RONALD",1984
139,OREGON,OR,0.43895288660662635,0.5610471133933737,685700,536479,1226527,"MONDALE, WALTER","REAGAN, RONALD",1984
140,PENNSYLVANIA,PA,0.4629926852287835,0.5370073147712165,2584323,2228131,4844903,"MONDALE, WALTER","REAGAN, RONALD",1984
141,RHODE ISLAND,RI,0.48170269755074707,0.5182973024492529,212080,197106,410489,"MONDALE, WALTER","REAGAN, RONALD",1984
142,SOUTH CAROLINA,SC,0.3588122058587622,0.6411877941412378,615539,344459,968529,"MONDALE, WALTER","REAGAN, RONALD",1984
143,SOUTH DAKOTA,SD,0.3670048675643214,0.6329951324356786,200267,116113,317867,"MONDALE, WALTER","REAGAN, RONALD",1984
144,TENNESSEE,TN,0.4181815190554701,0.5818184809445299,990212,711714,1711993,"MONDALE, WALTER","REAGAN, RONALD",1984
145,TEXAS,TX,0.36213694826986587,0.6378630517301341,3433428,1949276,5397571,"MONDALE, WALTER","REAGAN, RONALD",1984
146,UTAH,UT,0.24879978990318252,0.7512002100968175,469105,155369,629656,"MONDALE, WALTER","REAGAN, RONALD",1984
147,VERMONT,VT,0.41335089272220904,0.586649107277791,135865,95730,234561,"MONDALE, WALTER","REAGAN, RONALD",1984
148,VIRGINIA,VA,0.3732431206078015,0.6267568793921985,1337078,796250,2146635,"MONDALE, WALTER","REAGAN, RONALD",1984
149,WASHINGTON,WA,0.4315364898363371,0.5684635101636629,1051670,798352,1874910,"MONDALE, WALTER","REAGAN, RONALD",1984
150,WEST VIRGINIA,WV,0.44727565675401576,0.5527243432459842,405483,328125,735742,"MONDALE, WALTER","REAGAN, RONALD",1984
151,WISCONSIN,WI,0.45377984290378265,0.5462201570962173,1198584,995740,2211689,"MONDALE, WALTER","REAGAN, RONALD",1984
152,WYOMING,WY,0.28599600237928097,0.7140039976207191,133241,53370,188968,"MONDALE, WALTER","REAGAN, RONALD",1984
153,ALABAMA,AL,0.40254431601911095,0.5974556839808891,815576,549506,1378476,"DUKAKIS, MICHAEL","BUSH, GEORGE H.W.",1988
154,ALASKA,AK,0.37836682565746604,0.621633174342534,119251,72584,200116,"DUKAKIS, MICHAEL","BUSH, GEORGE H.W.",1988
155,ARIZONA,AZ,0.39256508469007495,0.607434915309925,702541,454029,1171873,"DUKAKIS, MICHAEL","BUSH, GEORGE H.W.",1988
156,ARKANSAS,AR,0.42808357286884896,0.5719164271311511,466578,349237,827738,"DUKAKIS, MICHAEL","BUSH, GEORGE H.W.",1988
157,CALIFORNIA,CA,0.4819268946362411,0.5180731053637588,5054917,4702233,9887065,"DUKAKIS, MICHAEL","BUSH, GEORGE H.W.",1988
158,COLORADO,CO,0.4604617561850285,0.5395382438149715,728177,621453,1372394,"DUKAKIS, MICHAEL","BUSH, GEORGE H.W.",1988
159,CONNECTICUT,CT,0.4741884954356701,0.5258115045643299,750241,676584,1443394,"DUKAKIS, MICHAEL","BUSH, GEORGE H.W.",1988
160,DELAWARE,DE,0.4375881040413072,0.5624118959586928,139639,108647,249891,"DUKAKIS, MICHAEL","BUSH, GEORGE H.W.",1988
161,DISTRICT OF COLUMBIA,DC,0.8524575260565678,0.14754247394343226,27590,159407,192877,"DUKAKIS, MICHAEL","BUSH, GEORGE H.W.",1988
162,FLORIDA,FL,0.38747928354148414,0.6125207164585159,2618885,1656701,4302313,"DUKAKIS, MICHAEL","BUSH, GEORGE H.W.",1988
163,GEORGIA,GA,0.3979638365523965,0.6020361634476036,1081331,714792,1809672,"DUKAKIS, MICHAEL","BUSH, GEORGE H.W.",1988
164,HAWAII,HI,0.5480627598015892,0.45193724019841075,158625,192364,354461,"DUKAKIS, MICHAEL","BUSH, GEORGE H.W.",1988
165,IDAHO,ID,0.3671217714936695,0.6328782285063305,253881,147272,408968,"DUKAKIS, MICHAEL","BUSH, GEORGE H.W.",1988
166,ILLINOIS,IL,0.4895072300364114,0.5104927699635886,2310939,2215940,4559120,"DUKAKIS, MICHAEL","BUSH, GEORGE H.W.",1988
167,INDIANA,IN,0.3987400887506799,0.6012599112493201,1297763,860643,2168621,"DUKAKIS, MICHAEL","BUSH, GEORGE H.W.",1988
168,IOWA,IA,0.5514848114008251,0.44851518859917494,545355,670557,1225614,"DUKAKIS, MICHAEL","BUSH, GEORGE H.W.",1988
169,KANSAS,KS,0.4327249829781352,0.5672750170218648,554049,422636,993044,"DUKAKIS, MICHAEL","BUSH, GEORGE H.W.",1988
170,KENTUCKY,KY,0.44146232188211454,0.5585376781178855,734281,580368,1322517,"DUKAKIS, MICHAEL","BUSH, GEORGE H.W.",1988
171,LOUISIANA,LA,0.4480870767605027,0.5519129232394974,883702,717460,1628202,"DUKAKIS, MICHAEL","BUSH, GEORGE H.W.",1988
172,MAINE,ME,0.4422898129653169,0.5577101870346831,307131,243569,555035,"DUKAKIS, MICHAEL","BUSH, GEORGE H.W.",1988
173,MARYLAND,MD,0.48535569768882997,0.5146443023111701,876167,826304,1714358,"DUKAKIS, MICHAEL","BUSH, GEORGE H.W.",1988
174,MASSACHUSETTS,MA,0.5398258893318696,0.4601741106681304,1194635,1401415,2632801,"DUKAKIS, MICHAEL","BUSH, GEORGE H.W.",1988
175,MICHIGAN,MI,0.46021950039944864,0.5397804996005513,1965486,1675783,3669163,"DUKAKIS, MICHAEL","BUSH, GEORGE H.W.",1988
176,MINNESOTA,MN,0.5355085992524404,0.4644914007475596,962337,1109471,2096790,"DUKAKIS, MICHAEL","BUSH, GEORGE H.W.",1988
177,MISSISSIPPI,MS,0.39478917044817213,0.6052108295518279,557890,363921,931527,"DUKAKIS, MICHAEL","BUSH, GEORGE H.W.",1988
178,MISSOURI,MO,0.4800308831902278,0.5199691168097722,1084953,1001619,2093228,"DUKAKIS, MICHAEL","BUSH, GEORGE H.W.",1988
179,MONTANA,MT,0.4701181027861572,0.5298818972138428,190412,168936,365674,"DUKAKIS, MICHAEL","BUSH, GEORGE H.W.",1988
180,NEBRASKA,NE,0.39445914505828594,0.6055408549417141,397956,259235,661465,"DUKAKIS, MICHAEL","BUSH, GEORGE H.W.",1988
181,NEVADA,NV,0.39181410835414343,0.6081858916458566,206040,132738,343133,"DUKAKIS, MICHAEL","BUSH, GEORGE H.W.",1988
182,NEW HAMPSHIRE,NH,0.3676636727286612,0.6323363272713388,281537,163696,450525,"DUKAKIS, MICHAEL","BUSH, GEORGE H.W.",1988
183,NEW JERSEY,NJ,0.43098842386464825,0.5690115761353517,1743192,1320352,3099553,"DUKAKIS, MICHAEL","BUSH, GEORGE H.W.",1988
184,NEW MEXICO,NM,0.4749008425951464,0.5250991574048536,270341,244497,521387,"DUKAKIS, MICHAEL","BUSH, GEORGE H.W.",1988
185,NEW YORK,NY,0.5342205263918793,0.46577947360812066,2838414,3255487,6485683,"DUKAKIS, MICHAEL","BUSH, GEORGE H.W.",1988
186,NORTH CAROLINA,NC,0.4184246213144999,0.5815753786855,1237258,890167,2134370,"DUKAKIS, MICHAEL","BUSH, GEORGE H.W.",1988
187,NORTH DAKOTA,ND,0.4340464427213233,0.5659535572786767,166559,127739,297261,"DUKAKIS, MICHAEL","BUSH, GEORGE H.W.",1988
188,OHIO,OH,0.4452593534974925,0.5547406465025074,2416549,1939629,4393585,"DUKAKIS, MICHAEL","BUSH, GEORGE H.W.",1988
189,OKLAHOMA,OK,0.41610187727558334,0.5838981227244167,678367,483423,1171036,"DUKAKIS, MICHAEL","BUSH, GEORGE H.W.",1988
190,OREGON,OR,0.5238368079759795,0.4761631920240204,560126,616206,1201694,"DUKAKIS, MICHAEL","BUSH, GEORGE H.W.",1988
191,PENNSYLVANIA,PA,0.4883045300466226,0.5116954699533774,2300087,2194944,4536251,"DUKAKIS, MICHAEL","BUSH, GEORGE H.W.",1988
192,RHODE ISLAND,RI,0.5587787055331063,0.4412212944668937,177761,225123,404622,"DUKAKIS, MICHAEL","BUSH, GEORGE H.W.",1988
193,SOUTH CAROLINA,SC,0.37927854435581687,0.6207214556441831,606443,370554,986009,"DUKAKIS, MICHAEL","BUSH, GEORGE H.W.",1988
194,SOUTH DAKOTA,SD,0.468076211914141,0.5319237880858589,165415,145560,312991,"DUKAKIS, MICHAEL","BUSH, GEORGE H.W.",1988
195,TENNESSEE,TN,0.4178135949802923,0.5821864050197078,947233,679794,1636250,"DUKAKIS, MICHAEL","BUSH, GEORGE H.W.",1988
196,TEXAS,TX,0.43653667068862734,0.5634633293113727,3036829,2352748,5427410,"DUKAKIS, MICHAEL","BUSH, GEORGE H.W.",1988
197,UTAH,UT,0.32612125168099276,0.6738787483190072,428442,207343,647008,"DUKAKIS, MICHAEL","BUSH, GEORGE H.W.",1988
198,VERMONT,VT,0.48218286923275555,0.5178171307672444,124331,115775,243328,"DUKAKIS, MICHAEL","BUSH, GEORGE H.W.",1988
199,VIRGINIA,VA,0.3964105394241759,0.6035894605758241,1309162,859799,2191609,"DUKAKIS, MICHAEL","BUSH, GEORGE H.W.",1988
200,WASHINGTON,WA,0.5080771175458582,0.49192288245414184,903835,933516,1865253,"DUKAKIS, MICHAEL","BUSH, GEORGE H.W.",1988
201,WEST VIRGINIA,WV,0.5237689319762058,0.4762310680237943,310065,341016,653311,"DUKAKIS, MICHAEL","BUSH, GEORGE H.W.",1988
202,WISCONSIN,WI,0.5182346629456104,0.4817653370543896,1047499,1126794,2191608,"DUKAKIS, MICHAEL","BUSH, GEORGE H.W.",1988
203,WYOMING,WY,0.38575123577422693,0.6142487642257731,106867,67113,176551,"DUKAKIS, MICHAEL","BUSH, GEORGE H.W.",1988
204,ALABAMA,AL,0.46178873540097015,0.5382112645990298,804283,690080,1688060,"CLINTON, BILL","BUSH, GEORGE H.W.",1992
205,ALASKA,AK,0.4342573796132983,0.5657426203867018,102000,78294,258506,"CLINTON, BILL","BUSH, GEORGE H.W.",1992
206,ARIZONA,AZ,0.48698096016988063,0.5130190398301194,572086,543050,1486975,"CLINTON, BILL","BUSH, GEORGE H.W.",1992
207,ARKANSAS,AR,0.5999226706612252,0.4000773293387749,337324,505823,950653,"CLINTON, BILL","BUSH, GEORGE H.W.",1992
208,CALIFORNIA,CA,0.5851672876937908,0.4148327123062092,3630574,5121325,11131721,"CLINTON, BILL","BUSH, GEORGE H.W.",1992
209,COLORADO,CO,0.5280206552282498,0.4719793447717502,562850,629681,1569180,"CLINTON, BILL","BUSH, GEORGE H.W.",1992
210,CONNECTICUT,CT,0.5412511670742668,0.4587488329257332,578313,682318,1616156,"CLINTON, BILL","BUSH, GEORGE H.W.",1992
211,DELAWARE,DE,0.5519799270472528,0.4480200729527471,102313,126054,289620,"CLINTON, BILL","BUSH, GEORGE H.W.",1992
212,DISTRICT OF COLUMBIA,DC,0.9029706961939273,0.09702930380607265,20698,192619,227572,"CLINTON, BILL","BUSH, GEORGE H.W.",1992
213,FLORIDA,FL,0.48803158910419014,0.5119684108958098,2173310,2071698,5313392,"CLINTON, BILL","BUSH, GEORGE H.W.",1992
214,GEORGIA,GA,0.5034212845109663,0.49657871548903365,995252,1008966,2321133,"CLINTON, BILL","BUSH, GEORGE H.W.",1992
215,HAWAII,HI,0.567199777308213,0.432800222691787,136822,179310,372842,"CLINTON, BILL","BUSH, GEORGE H.W.",1992
216,IDAHO,ID,0.40338516978843425,0.5966148302115658,202645,137013,482114,"CLINTON, BILL","BUSH, GEORGE H.W.",1992
217,ILLINOIS,IL,0.585882182122468,0.41411781787753205,1734096,2453350,5050157,"CLINTON, BILL","BUSH, GEORGE H.W.",1992
218,INDIANA,IN,0.4616510546606123,0.5383489453393877,989375,848420,2305871,"CLINTON, BILL","BUSH, GEORGE H.W.",1992
219,IOWA,IA,0.5373252911356213,0.4626747088643786,504891,586353,1354607,"CLINTON, BILL","BUSH, GEORGE H.W.",1992
220,KANSAS,KS,0.4645894441238242,0.5354105558761758,449951,390434,1157236,"CLINTON, BILL","BUSH, GEORGE H.W.",1992
221,KENTUCKY,KY,0.5186877769476606,0.4813122230523395,617178,665104,1492900,"CLINTON, BILL","BUSH, GEORGE H.W.",1992
222,LOUISIANA,LA,0.5266513786041565,0.47334862139584355,733386,815971,1790017,"CLINTON, BILL","BUSH, GEORGE H.W.",1992
223,MAINE,ME,0.5605587286454831,0.4394412713545169,206504,263420,679499,"CLINTON, BILL","BUSH, GEORGE H.W.",1992
224,MARYLAND,MD,0.5829990003921766,0.4170009996078235,707094,988571,1984580,"CLINTON, BILL","BUSH, GEORGE H.W.",1992
225,MASSACHUSETTS,MA,0.6209222867120157,0.37907771328798434,805039,1318639,2773664,"CLINTON, BILL","BUSH, GEORGE H.W.",1992
226,MICHIGAN,MI,0.5461515964697112,0.45384840353028877,1554940,1871182,4274673,"CLINTON, BILL","BUSH, GEORGE H.W.",1992
227,MINNESOTA,MN,0.5772134022448636,0.42278659775513644,747841,1020997,2347948,"CLINTON, BILL","BUSH, GEORGE H.W.",1992
228,MISSISSIPPI,MS,0.45071510532615805,0.5492848946738419,487793,400258,981793,"CLINTON, BILL","BUSH, GEORGE H.W.",1992
229,MISSOURI,MO,0.5650696610031356,0.4349303389968644,811159,1053873,2391270,"CLINTON, BILL","BUSH, GEORGE H.W.",1992
230,MONTANA,MT,0.517240571248753,0.482759428751247,144207,154507,410583,"CLINTON, BILL","BUSH, GEORGE H.W.",1992
231,NEBRASKA,NE,0.3868826956766844,0.6131173043233157,343678,216864,737546,"CLINTON, BILL","BUSH, GEORGE H.W.",1992
232,NEVADA,NV,0.5182477751961773,0.48175222480382274,175828,189148,506318,"CLINTON, BILL","BUSH, GEORGE H.W.",1992
233,NEW HAMPSHIRE,NH,0.507965513554495,0.492034486445505,202484,209040,537215,"CLINTON, BILL","BUSH, GEORGE H.W.",1992
234,NEW JERSEY,NJ,0.5142031835209345,0.48579681647906553,1356865,1436206,3343594,"CLINTON, BILL","BUSH, GEORGE H.W.",1992
235,NEW MEXICO,NM,0.5514215676975641,0.44857843230243594,212824,261617,569986,"CLINTON, BILL","BUSH, GEORGE H.W.",1992
236,NEW YORK,NY,0.6211082540422493,0.37889174595775066,2041690,3346894,7079432,"CLINTON, BILL","BUSH, GEORGE H.W.",1992
237,NORTH CAROLINA,NC,0.49541535720813284,0.5045846427918671,1134661,1114042,2611850,"CLINTON, BILL","BUSH, GEORGE H.W.",1992
238,NORTH DAKOTA,ND,0.42125295227091225,0.5787470477290877,136244,99168,308133,"CLINTON, BILL","BUSH, GEORGE H.W.",1992
239,OHIO,OH,0.5116816334695452,0.48831836653045485,1894310,1984942,4939967,"CLINTON, BILL","BUSH, GEORGE H.W.",1992
240,OKLAHOMA,OK,0.4437788169738132,0.5562211830261868,592929,473066,1390359,"CLINTON, BILL","BUSH, GEORGE H.W.",1992
241,OREGON,OR,0.5663389151659282,0.43366108483407184,475757,621314,1462643,"CLINTON, BILL","BUSH, GEORGE H.W.",1992
242,PENNSYLVANIA,PA,0.5554852946101531,0.44451470538984694,1791841,2239164,4959810,"CLINTON, BILL","BUSH, GEORGE H.W.",1992
243,RHODE ISLAND,RI,0.6184372281820818,0.38156277181791826,131601,213299,453365,"CLINTON, BILL","BUSH, GEORGE H.W.",1992
244,SOUTH CAROLINA,SC,0.4764315457275972,0.5235684542724028,577507,525514,1228912,"CLINTON, BILL","BUSH, GEORGE H.W.",1992
245,SOUTH DAKOTA,SD,0.4773896623166135,0.5226103376833865,136718,124888,336254,"CLINTON, BILL","BUSH, GEORGE H.W.",1992
246,TENNESSEE,TN,0.5259803664707596,0.4740196335292404,841300,933521,1982638,"CLINTON, BILL","BUSH, GEORGE H.W.",1992
247,TEXAS,TX,0.47757836834114503,0.522421631658855,2496071,2281815,6154018,"CLINTON, BILL","BUSH, GEORGE H.W.",1992
248,UTAH,UT,0.3624642088601967,0.6375357911398033,322632,183429,743998,"CLINTON, BILL","BUSH, GEORGE H.W.",1992
249,VERMONT,VT,0.6025420135850691,0.39745798641493096,88122,133592,289701,"CLINTON, BILL","BUSH, GEORGE H.W.",1992
250,VIRGINIA,VA,0.4744498706585656,0.5255501293414344,1150517,1038650,2559129,"CLINTON, BILL","BUSH, GEORGE H.W.",1992
251,WASHINGTON,WA,0.5759170107251123,0.42408298927488774,731234,993037,2287565,"CLINTON, BILL","BUSH, GEORGE H.W.",1992
252,WEST VIRGINIA,WV,0.5776883808194074,0.4223116191805925,241974,331001,683677,"CLINTON, BILL","BUSH, GEORGE H.W.",1992
253,WISCONSIN,WI,0.5279450850211544,0.4720549149788455,930855,1041066,2531064,"CLINTON, BILL","BUSH, GEORGE H.W.",1992
254,WYOMING,WY,0.46207976570603426,0.5379202342939657,79347,68160,199884,"CLINTON, BILL","BUSH, GEORGE H.W.",1992
255,ALABAMA,AL,0.46266128846311055,0.5373387115368894,769044,662165,1534349,"CLINTON, BILL","DOLE, ROBERT",1996
256,ALASKA,AK,0.3957149749416618,0.6042850250583381,122746,80380,241620,"CLINTON, BILL","DOLE, ROBERT",1996
257,ARIZONA,AZ,0.5122377115185426,0.4877622884814574,622073,653288,1404405,"CLINTON, BILL","DOLE, ROBERT",1996
258,ARKANSAS,AR,0.5935282486475548,0.4064717513524451,325416,475171,884262,"CLINTON, BILL","DOLE, ROBERT",1996
259,CALIFORNIA,CA,0.5721626523096894,0.42783734769031057,3828381,5119835,10019469,"CLINTON, BILL","DOLE, ROBERT",1996
260,COLORADO,CO,0.4924079236977256,0.5075920763022744,691848,671152,1510702,"CLINTON, BILL","DOLE, ROBERT",1996
261,CONNECTICUT,CT,0.6036350688231273,0.3963649311768726,483109,735740,1392614,"CLINTON, BILL","DOLE, ROBERT",1996
262,DELAWARE,DE,0.5862365663256995,0.41376343367430046,99062,140355,270810,"CLINTON, BILL","DOLE, ROBERT",1996
263,DISTRICT OF COLUMBIA,DC,0.9012354820886426,0.09876451791135743,17339,158220,185726,"CLINTON, BILL","DOLE, ROBERT",1996
264,FLORIDA,FL,0.5315496119510641,0.46845038804893596,2244536,2546870,5303154,"CLINTON, BILL","DOLE, ROBERT",1996
265,GEORGIA,GA,0.4936773080144583,0.5063226919855417,1080843,1053849,2298899,"CLINTON, BILL","DOLE, ROBERT",1996
266,HAWAII,HI,0.6427615180824882,0.3572384819175119,113943,205012,360120,"CLINTON, BILL","DOLE, ROBERT",1996
267,IDAHO,ID,0.3920097242428407,0.6079902757571594,256595,165443,491711,"CLINTON, BILL","DOLE, ROBERT",1996
268,ILLINOIS,IL,0.5960509218545778,0.4039490781454223,1587021,2341744,4311391,"CLINTON, BILL","DOLE, ROBERT",1996
269,INDIANA,IN,0.46851593644954354,0.5314840635504565,1006693,887424,2135431,"CLINTON, BILL","DOLE, ROBERT",1996
270,IOWA,IA,0.5573338892373273,0.4426661107626727,492644,620258,1234075,"CLINTON, BILL","DOLE, ROBERT",1996
271,KANSAS,KS,0.39927634452015853,0.6007236554798414,583245,387659,1074300,"CLINTON, BILL","DOLE, ROBERT",1996
272,KENTUCKY,KY,0.5052905118434284,0.4947094881565715,623283,636614,1388708,"CLINTON, BILL","DOLE, ROBERT",1996
273,LOUISIANA,LA,0.5656083827159214,0.43439161728407855,712586,927837,1783959,"CLINTON, BILL","DOLE, ROBERT",1996
274,MAINE,ME,0.6266212041685532,0.37337879583144684,186378,312788,605897,"CLINTON, BILL","DOLE, ROBERT",1996
275,MARYLAND,MD,0.5863842348627238,0.41361576513727616,681530,966207,1780870,"CLINTON, BILL","DOLE, ROBERT",1996
276,MASSACHUSETTS,MA,0.6863782540541509,0.31362174594584913,718058,1571509,2556459,"CLINTON, BILL","DOLE, ROBERT",1996
277,MICHIGAN,MI,0.5732441336669677,0.42675586633303225,1481212,1989653,3848844,"CLINTON, BILL","DOLE, ROBERT",1996
278,MINNESOTA,MN,0.5938068927137576,0.4061931072862424,766395,1120380,2192492,"CLINTON, BILL","DOLE, ROBERT",1996
279,MISSISSIPPI,MS,0.472527762454129,0.527472237545871,439838,394022,893857,"CLINTON, BILL","DOLE, ROBERT",1996
280,MISSOURI,MO,0.5354703747642815,0.46452962523571845,890016,1025935,2158065,"CLINTON, BILL","DOLE, ROBERT",1996
281,MONTANA,MT,0.48312589549275836,0.5168741045072416,179652,167922,407083,"CLINTON, BILL","DOLE, ROBERT",1996
282,NEBRASKA,NE,0.39445177499216966,0.6055482250078303,363467,236761,677415,"CLINTON, BILL","DOLE, ROBERT",1996
283,NEVADA,NV,0.5058653135524703,0.4941346864475296,199244,203974,464279,"CLINTON, BILL","DOLE, ROBERT",1996
284,NEW HAMPSHIRE,NH,0.5561163171068921,0.4438836828931079,196486,246166,496597,"CLINTON, BILL","DOLE, ROBERT",1996
285,NEW JERSEY,NJ,0.599667932033127,0.40033206796687304,1103099,1652361,3075860,"CLINTON, BILL","DOLE, ROBERT",1996
286,NEW MEXICO,NM,0.5402413056103159,0.4597586943896841,232751,273495,556074,"CLINTON, BILL","DOLE, ROBERT",1996
287,NEW YORK,NY,0.677320293812358,0.3226797061876419,1738707,3649630,6439129,"CLINTON, BILL","DOLE, ROBERT",1996
288,NORTH CAROLINA,NC,0.4747001333026536,0.5252998666973464,1225938,1107849,2515807,"CLINTON, BILL","DOLE, ROBERT",1996
289,NORTH DAKOTA,ND,0.4608868099415835,0.5391131900584165,125050,106905,266411,"CLINTON, BILL","DOLE, ROBERT",1996
290,OHIO,OH,0.5359694918172054,0.4640305081827946,1859883,2148222,4534434,"CLINTON, BILL","DOLE, ROBERT",1996
291,OKLAHOMA,OK,0.4559939089329422,0.5440060910670578,582315,488105,1206713,"CLINTON, BILL","DOLE, ROBERT",1996
292,OREGON,OR,0.5469311571965823,0.45306884280341775,538152,649641,1377760,"CLINTON, BILL","DOLE, ROBERT",1996
293,PENNSYLVANIA,PA,0.5516120536083254,0.44838794639167456,1801169,2215819,4501307,"CLINTON, BILL","DOLE, ROBERT",1996
294,RHODE ISLAND,RI,0.690042133874984,0.3099578661250159,104683,233050,390247,"CLINTON, BILL","DOLE, ROBERT",1996
295,SOUTH CAROLINA,SC,0.46888024078014545,0.5311197592198545,573339,506152,1150182,"CLINTON, BILL","DOLE, ROBERT",1996
296,SOUTH DAKOTA,SD,0.48066414604865526,0.5193358539513447,150543,139333,323826,"CLINTON, BILL","DOLE, ROBERT",1996
297,TENNESSEE,TN,0.5128664234186056,0.48713357658139445,863530,909146,1894105,"CLINTON, BILL","DOLE, ROBERT",1996
298,TEXAS,TX,0.4733937661787773,0.5266062338212227,2736167,2459683,5611644,"CLINTON, BILL","DOLE, ROBERT",1996
299,UTAH,UT,0.3798051218074387,0.6201948781925614,361911,221633,665629,"CLINTON, BILL","DOLE, ROBERT",1996
300,VERMONT,VT,0.6318283038406202,0.3681716961593798,80352,137894,258449,"CLINTON, BILL","DOLE, ROBERT",1996
301,VIRGINIA,VA,0.4893940549293311,0.5106059450706689,1138350,1091060,2416642,"CLINTON, BILL","DOLE, ROBERT",1996
302,WASHINGTON,WA,0.5719465284478128,0.4280534715521872,840712,1123323,2253837,"CLINTON, BILL","DOLE, ROBERT",1996
303,WEST VIRGINIA,WV,0.5835466517610786,0.4164533482389214,233946,327812,636459,"CLINTON, BILL","DOLE, ROBERT",1996
304,WISCONSIN,WI,0.5591919666145019,0.4408080333854982,845029,1071971,2196169,"CLINTON, BILL","DOLE, ROBERT",1996
305,WYOMING,WY,0.42512082565104026,0.5748791743489597,105388,77934,211571,"CLINTON, BILL","DOLE, ROBERT",1996
306,ALABAMA,AL,0.42393058078668905,0.5760694192133109,941173,692611,1666272,"GORE, AL","BUSH, GEORGE W.",2000
307,ALASKA,AK,0.3206305143627081,0.6793694856372919,167398,79004,285560,"GORE, AL","BUSH, GEORGE W.",2000
308,ARIZONA,AZ,0.46717400832860145,0.5328259916713985,781652,685341,1532016,"GORE, AL","BUSH, GEORGE W.",2000
309,ARKANSAS,AR,0.47199310489579194,0.5280068951042081,472940,422768,921781,"GORE, AL","BUSH, GEORGE W.",2000
310,CALIFORNIA,CA,0.5620298999907178,0.43797010000928216,4567429,5861203,10965822,"GORE, AL","BUSH, GEORGE W.",2000
311,COLORADO,CO,0.45514080056720974,0.5448591994327903,883748,738227,1741368,"GORE, AL","BUSH, GEORGE W.",2000
312,CONNECTICUT,CT,0.5925565804885452,0.4074434195114548,561094,816015,1459525,"GORE, AL","BUSH, GEORGE W.",2000
313,DELAWARE,DE,0.5674006478528845,0.43259935214711553,137288,180068,327529,"GORE, AL","BUSH, GEORGE W.",2000
314,DISTRICT OF COLUMBIA,DC,0.9048769447777848,0.0951230552222152,18073,171923,201894,"GORE, AL","BUSH, GEORGE W.",2000
315,FLORIDA,FL,0.49995390591966443,0.5000460940803355,2912790,2912253,5963110,"GORE, AL","BUSH, GEORGE W.",2000
316,GEORGIA,GA,0.4401624637709734,0.5598375362290265,1419720,1116230,2583208,"GORE, AL","BUSH, GEORGE W.",2000
317,HAWAII,HI,0.5982729628042934,0.40172703719570657,137845,205286,367951,"GORE, AL","BUSH, GEORGE W.",2000
318,IDAHO,ID,0.29151509544255994,0.7084849045574401,336937,138637,501615,"GORE, AL","BUSH, GEORGE W.",2000
319,ILLINOIS,IL,0.5618001031583959,0.4381998968416041,2019421,2589026,4742108,"GORE, AL","BUSH, GEORGE W.",2000
320,INDIANA,IN,0.41995217467418067,0.5800478253258193,1245836,901980,2199302,"GORE, AL","BUSH, GEORGE W.",2000
321,IOWA,IA,0.5016277918751817,0.4983722081248183,634373,638517,1353022,"GORE, AL","BUSH, GEORGE W.",2000
322,KANSAS,KS,0.39083092536471914,0.6091690746352808,622332,399276,1072216,"GORE, AL","BUSH, GEORGE W.",2000
323,KENTUCKY,KY,0.42272384734323426,0.5772761526567658,872520,638923,1544106,"GORE, AL","BUSH, GEORGE W.",2000
324,LOUISIANA,LA,0.4606075403365277,0.5393924596634723,927871,792344,1765656,"GORE, AL","BUSH, GEORGE W.",2000
325,MAINE,ME,0.5274784154100042,0.4725215845899958,286616,319951,651817,"GORE, AL","BUSH, GEORGE W.",2000
326,MARYLAND,MD,0.584322989424543,0.4156770105754571,813827,1144008,2025212,"GORE, AL","BUSH, GEORGE W.",2000
327,MASSACHUSETTS,MA,0.6478934376063381,0.35210656239366184,878502,1616487,2733964,"GORE, AL","BUSH, GEORGE W.",2000
328,MICHIGAN,MI,0.5263460648173409,0.473653935182659,1953139,2170418,4232501,"GORE, AL","BUSH, GEORGE W.",2000
329,MINNESOTA,MN,0.5128641197581132,0.4871358802418868,1109659,1168266,2438685,"GORE, AL","BUSH, GEORGE W.",2000
330,MISSISSIPPI,MS,0.4139451516075371,0.5860548483924629,572844,404614,994184,"GORE, AL","BUSH, GEORGE W.",2000
331,MISSOURI,MO,0.48288051343249333,0.5171194865675066,1189924,1111138,2359892,"GORE, AL","BUSH, GEORGE W.",2000
332,MONTANA,MT,0.3634363802133028,0.6365636197866972,240178,137126,410986,"GORE, AL","BUSH, GEORGE W.",2000
333,NEBRASKA,NE,0.34820519137914974,0.6517948086208503,433862,231780,697019,"GORE, AL","BUSH, GEORGE W.",2000
334,NEVADA,NV,0.4814316150032757,0.5185683849967243,301575,279978,609426,"GORE, AL","BUSH, GEORGE W.",2000
335,NEW HAMPSHIRE,NH,0.49332199804781196,0.506678001952188,273559,266348,569081,"GORE, AL","BUSH, GEORGE W.",2000
336,NEW JERSEY,NJ,0.5821140941672093,0.4178859058327907,1284173,1788850,3187226,"GORE, AL","BUSH, GEORGE W.",2000
337,NEW MEXICO,NM,0.5003192602930914,0.49968073970690857,286417,286783,598605,"GORE, AL","BUSH, GEORGE W.",2000
338,NEW YORK,NY,0.6357599158301068,0.3642400841698931,2258577,3942215,6960215,"GORE, AL","BUSH, GEORGE W.",2000
339,NORTH CAROLINA,NC,0.4353600301849695,0.5646399698150305,1631163,1257692,2914990,"GORE, AL","BUSH, GEORGE W.",2000
340,NORTH DAKOTA,ND,0.3527260342938372,0.6472739657061628,174852,95284,288256,"GORE, AL","BUSH, GEORGE W.",2000
341,OHIO,OH,0.4816127777933392,0.5183872222066608,2350363,2183628,4701998,"GORE, AL","BUSH, GEORGE W.",2000
342,OKLAHOMA,OK,0.38919328777881085,0.6108067122211892,744337,474276,1234229,"GORE, AL","BUSH, GEORGE W.",2000
343,OREGON,OR,0.5023589198553057,0.4976410801446944,713577,720342,1533950,"GORE, AL","BUSH, GEORGE W.",2000
344,PENNSYLVANIA,PA,0.5214847871680315,0.4785152128319685,2281127,2485967,4912185,"GORE, AL","BUSH, GEORGE W.",2000
345,RHODE ISLAND,RI,0.6564911606759932,0.34350883932400683,130555,249508,409112,"GORE, AL","BUSH, GEORGE W.",2000
346,SOUTH CAROLINA,SC,0.4183789393234974,0.5816210606765027,786892,566037,1383902,"GORE, AL","BUSH, GEORGE W.",2000
347,SOUTH DAKOTA,SD,0.38385287427626136,0.6161471257237386,190700,118804,316269,"GORE, AL","BUSH, GEORGE W.",2000
348,TENNESSEE,TN,0.48037133214820993,0.5196286678517901,1061949,981720,2076181,"GORE, AL","BUSH, GEORGE W.",2000
349,TEXAS,TX,0.3904372985143706,0.6095627014856294,3799639,2433746,6407637,"GORE, AL","BUSH, GEORGE W.",2000
350,UTAH,UT,0.2827449456867586,0.7172550543132414,515096,203053,770754,"GORE, AL","BUSH, GEORGE W.",2000
351,VERMONT,VT,0.554403508967734,0.445596491032266,119775,149022,294308,"GORE, AL","BUSH, GEORGE W.",2000
352,VIRGINIA,VA,0.4585276369416675,0.5414723630583325,1437490,1217290,2739447,"GORE, AL","BUSH, GEORGE W.",2000
353,WASHINGTON,WA,0.5294477100940541,0.4705522899059459,1108864,1247652,2487433,"GORE, AL","BUSH, GEORGE W.",2000
354,WEST VIRGINIA,WV,0.46757925984062587,0.5324207401593741,336475,295497,648124,"GORE, AL","BUSH, GEORGE W.",2000
355,WISCONSIN,WI,0.5011506830315781,0.49884931696842194,1237279,1242987,2598607,"GORE, AL","BUSH, GEORGE W.",2000
356,WYOMING,WY,0.2901769435968296,0.7098230564031704,147947,60481,213726,"GORE, AL","BUSH, GEORGE W.",2000
357,ALABAMA,AL,0.3710222864771775,0.6289777135228225,1176394,693933,1883415,"KERRY, JOHN","BUSH, GEORGE W.",2004
358,ALASKA,AK,0.3677371701875368,0.6322628298124632,190889,111025,312598,"KERRY, JOHN","BUSH, GEORGE W.",2004
359,ARIZONA,AZ,0.4472499496951174,0.5527500503048827,1104294,893524,2012585,"KERRY, JOHN","BUSH, GEORGE W.",2004
360,ARKANSAS,AR,0.4506425174833222,0.5493574825166778,572898,469953,1054945,"KERRY, JOHN","BUSH, GEORGE W.",2004
361,CALIFORNIA,CA,0.5504132045282245,0.44958679547177544,5509826,6745485,12421353,"KERRY, JOHN","BUSH, GEORGE W.",2004
362,COLORADO,CO,0.47633770441757367,0.5236622955824264,1101255,1001732,2129630,"KERRY, JOHN","BUSH, GEORGE W.",2004
363,CONNECTICUT,CT,0.5527494756058412,0.44725052439415874,693826,857488,1578769,"KERRY, JOHN","BUSH, GEORGE W.",2004
364,DELAWARE,DE,0.5383150624509161,0.46168493754908396,171660,200152,375190,"KERRY, JOHN","BUSH, GEORGE W.",2004
365,DISTRICT OF COLUMBIA,DC,0.9052027864743607,0.09479721352563932,21256,202970,227586,"KERRY, JOHN","BUSH, GEORGE W.",2004
366,FLORIDA,FL,0.47476320424331214,0.5252367957566879,3964522,3583544,7609810,"KERRY, JOHN","BUSH, GEORGE W.",2004
367,GEORGIA,GA,0.4164576730359044,0.5835423269640956,1914254,1366149,3301875,"KERRY, JOHN","BUSH, GEORGE W.",2004
368,HAWAII,HI,0.5440444800293027,0.4559555199706973,194191,231708,429013,"KERRY, JOHN","BUSH, GEORGE W.",2004
369,IDAHO,ID,0.306772618166357,0.6932273818336431,409235,181098,598376,"KERRY, JOHN","BUSH, GEORGE W.",2004
370,ILLINOIS,IL,0.5520863404955345,0.4479136595044655,2345946,2891550,5274322,"KERRY, JOHN","BUSH, GEORGE W.",2004
371,INDIANA,IN,0.3957652375034154,0.6042347624965846,1479438,969011,2468002,"KERRY, JOHN","BUSH, GEORGE W.",2004
372,IOWA,IA,0.49663320737287087,0.5033667926271291,751957,741898,1506908,"KERRY, JOHN","BUSH, GEORGE W.",2004
373,KANSAS,KS,0.3713290121891777,0.6286709878108223,736456,434993,1187756,"KERRY, JOHN","BUSH, GEORGE W.",2004
374,KENTUCKY,KY,0.39992380084526075,0.6000761991547393,1069439,712733,1795882,"KERRY, JOHN","BUSH, GEORGE W.",2004
375,LOUISIANA,LA,0.4266905873075651,0.573309412692435,1102169,820299,1943106,"KERRY, JOHN","BUSH, GEORGE W.",2004
376,MAINE,ME,0.545830164103086,0.45416983589691395,330201,396842,740752,"KERRY, JOHN","BUSH, GEORGE W.",2004
377,MARYLAND,MD,0.565655842075012,0.434344157924988,1024703,1334493,2384238,"KERRY, JOHN","BUSH, GEORGE W.",2004
378,MASSACHUSETTS,MA,0.6274285551299189,0.3725714448700811,1071109,1803800,2927455,"KERRY, JOHN","BUSH, GEORGE W.",2004
379,MICHIGAN,MI,0.5172584446796521,0.48274155532034796,2313746,2479183,4839252,"KERRY, JOHN","BUSH, GEORGE W.",2004
380,MINNESOTA,MN,0.5176091061066895,0.4823908938933105,1346695,1445014,2828387,"KERRY, JOHN","BUSH, GEORGE W.",2004
381,MISSISSIPPI,MS,0.40494999230378637,0.5950500076962136,672660,457766,1139824,"KERRY, JOHN","BUSH, GEORGE W.",2004
382,MISSOURI,MO,0.4638028733456015,0.5361971266543984,1455713,1259171,2731364,"KERRY, JOHN","BUSH, GEORGE W.",2004
383,MONTANA,MT,0.39499923824336647,0.6050007617566335,266063,173710,450434,"KERRY, JOHN","BUSH, GEORGE W.",2004
384,NEBRASKA,NE,0.331526627404053,0.6684733725959471,512814,254328,778186,"KERRY, JOHN","BUSH, GEORGE W.",2004
385,NEVADA,NV,0.486824042751385,0.513175957248615,418690,397190,829587,"KERRY, JOHN","BUSH, GEORGE W.",2004
386,NEW HAMPSHIRE,NH,0.5069028862013731,0.49309711379862686,331237,340511,678287,"KERRY, JOHN","BUSH, GEORGE W.",2004
387,NEW JERSEY,NJ,0.5337053631884221,0.46629463681157796,1670003,1911430,3611691,"KERRY, JOHN","BUSH, GEORGE W.",2004
388,NEW MEXICO,NM,0.49599664113645114,0.5040033588635489,376930,370942,756304,"KERRY, JOHN","BUSH, GEORGE W.",2004
389,NEW YORK,NY,0.5982979065644611,0.40170209343553887,2806993,4180755,7448266,"KERRY, JOHN","BUSH, GEORGE W.",2004
390,NORTH CAROLINA,NC,0.4375802799815888,0.5624197200184111,1961166,1525849,3501007,"KERRY, JOHN","BUSH, GEORGE W.",2004
391,NORTH DAKOTA,ND,0.36090645850056713,0.6390935414994329,196651,111052,312833,"KERRY, JOHN","BUSH, GEORGE W.",2004
392,OHIO,OH,0.4894125599521079,0.510587440047892,2859764,2741165,5627903,"KERRY, JOHN","BUSH, GEORGE W.",2004
393,OKLAHOMA,OK,0.3442959833524394,0.6557040166475606,959792,503966,1463758,"KERRY, JOHN","BUSH, GEORGE W.",2004
394,OREGON,OR,0.5210862577445008,0.4789137422554992,866831,943163,1836782,"KERRY, JOHN","BUSH, GEORGE W.",2004
395,PENNSYLVANIA,PA,0.5125828209706239,0.4874171790293761,2793847,2938095,5769590,"KERRY, JOHN","BUSH, GEORGE W.",2004
396,RHODE ISLAND,RI,0.6057751057587814,0.39422489424121865,169046,259760,437134,"KERRY, JOHN","BUSH, GEORGE W.",2004
397,SOUTH CAROLINA,SC,0.4136354174025079,0.586364582597492,937974,661669,1617700,"KERRY, JOHN","BUSH, GEORGE W.",2004
398,SOUTH DAKOTA,SD,0.39086709198906316,0.6091329080109369,232584,149244,388215,"KERRY, JOHN","BUSH, GEORGE W.",2004
399,TENNESSEE,TN,0.4281455454525927,0.5718544545474072,1384375,1036477,2437319,"KERRY, JOHN","BUSH, GEORGE W.",2004
400,TEXAS,TX,0.38489808102890083,0.6151019189710992,4526917,2832704,7410749,"KERRY, JOHN","BUSH, GEORGE W.",2004
401,UTAH,UT,0.2665356083987796,0.7334643916012205,663742,241199,927844,"KERRY, JOHN","BUSH, GEORGE W.",2004
402,VERMONT,VT,0.6030100213925116,0.39698997860748836,121180,184067,312309,"KERRY, JOHN","BUSH, GEORGE W.",2004
403,VIRGINIA,VA,0.4586630328646994,0.5413369671353006,1716959,1454742,3195415,"KERRY, JOHN","BUSH, GEORGE W.",2004
404,WASHINGTON,WA,0.5364653768345296,0.46353462316547045,1304894,1510201,2859084,"KERRY, JOHN","BUSH, GEORGE W.",2004
405,WEST VIRGINIA,WV,0.43520289370254517,0.5647971062974548,423778,326541,755792,"KERRY, JOHN","BUSH, GEORGE W.",2004
406,WISCONSIN,WI,0.5019180327426924,0.4980819672573075,1478120,1489504,2997007,"KERRY, JOHN","BUSH, GEORGE W.",2004
407,WYOMING,WY,0.29687296826828297,0.7031270317317171,167629,70776,243861,"KERRY, JOHN","BUSH, GEORGE W.",2004
408,ALABAMA,AL,0.39109097246427327,0.6089090275357267,1266546,813479,2099819,"OBAMA, BARACK H.","MCCAIN, JOHN",2008
409,ALASKA,AK,0.389352150834029,0.610647849165971,193841,123594,326197,"OBAMA, BARACK H.","MCCAIN, JOHN",2008
410,ARIZONA,AZ,0.4568609928038368,0.5431390071961633,1230111,1034707,2293475,"OBAMA, BARACK H.","MCCAIN, JOHN",2008
411,ARKANSAS,AR,0.3982827938928274,0.6017172061071726,638017,422310,1086617,"OBAMA, BARACK H.","MCCAIN, JOHN",2008
412,CALIFORNIA,CA,0.622784495915854,0.3772155040841459,5011781,8274473,13561900,"OBAMA, BARACK H.","MCCAIN, JOHN",2008
413,COLORADO,CO,0.5455063469317343,0.4544936530682658,1073589,1288576,2401361,"OBAMA, BARACK H.","MCCAIN, JOHN",2008
414,CONNECTICUT,CT,0.6131833824975418,0.3868166175024582,629428,997772,1646792,"OBAMA, BARACK H.","MCCAIN, JOHN",2008
415,DELAWARE,DE,0.6263813864988855,0.3736186135011144,152374,255459,412412,"OBAMA, BARACK H.","MCCAIN, JOHN",2008
416,DISTRICT OF COLUMBIA,DC,0.9340076833341566,0.06599231666584336,17367,245800,265853,"OBAMA, BARACK H.","MCCAIN, JOHN",2008
417,FLORIDA,FL,0.514196600308993,0.48580339969100705,4045624,4282074,8390744,"OBAMA, BARACK H.","MCCAIN, JOHN",2008
418,GEORGIA,GA,0.47371664489188214,0.5262833551081179,2048759,1844123,3924486,"OBAMA, BARACK H.","MCCAIN, JOHN",2008
419,HAWAII,HI,0.7299372587845542,0.2700627412154459,120566,325871,456064,"OBAMA, BARACK H.","MCCAIN, JOHN",2008
420,IDAHO,ID,0.3697541019497945,0.6302458980502055,403012,236440,655122,"OBAMA, BARACK H.","MCCAIN, JOHN",2008
421,ILLINOIS,IL,0.6273426404455936,0.3726573595544064,2031179,3419348,5522371,"OBAMA, BARACK H.","MCCAIN, JOHN",2008
422,INDIANA,IN,0.5052195344537809,0.49478046554621913,1345648,1374039,2751054,"OBAMA, BARACK H.","MCCAIN, JOHN",2008
423,IOWA,IA,0.5484877778946735,0.45151222210532654,682379,828940,1537123,"OBAMA, BARACK H.","MCCAIN, JOHN",2008
424,KANSAS,KS,0.42387724181090564,0.5761227581890944,699655,514765,1235872,"OBAMA, BARACK H.","MCCAIN, JOHN",2008
425,KENTUCKY,KY,0.4176657241229539,0.5823342758770461,1048462,751985,1826620,"OBAMA, BARACK H.","MCCAIN, JOHN",2008
426,LOUISIANA,LA,0.40542825838414637,0.5945717416158537,1148275,782989,1960761,"OBAMA, BARACK H.","MCCAIN, JOHN",2008
427,MAINE,ME,0.588295249834076,0.41170475016592395,295273,421923,731163,"OBAMA, BARACK H.","MCCAIN, JOHN",2008
428,MARYLAND,MD,0.6293008729288553,0.37069912707114466,959862,1629467,2631596,"OBAMA, BARACK H.","MCCAIN, JOHN",2008
429,MASSACHUSETTS,MA,0.6319707821335295,0.36802921786647047,1108854,1904097,3102995,"OBAMA, BARACK H.","MCCAIN, JOHN",2008
430,MICHIGAN,MI,0.5837130157615452,0.4162869842384548,2048639,2872579,5001596,"OBAMA, BARACK H.","MCCAIN, JOHN",2008
431,MINNESOTA,MN,0.5522937499539273,0.4477062500460726,1275409,1573354,2910369,"OBAMA, BARACK H.","MCCAIN, JOHN",2008
432,MISSISSIPPI,MS,0.43358069007136163,0.5664193099286384,724597,554662,1289865,"OBAMA, BARACK H.","MCCAIN, JOHN",2008
433,MISSOURI,MO,0.4993242085032335,0.5006757914967664,1445814,1441911,2925205,"OBAMA, BARACK H.","MCCAIN, JOHN",2008
434,MONTANA,MT,0.4883059671605927,0.5116940328394073,242763,231667,490109,"OBAMA, BARACK H.","MCCAIN, JOHN",2008
435,NEBRASKA,NE,0.4239092557783436,0.5760907442216564,452979,333319,801281,"OBAMA, BARACK H.","MCCAIN, JOHN",2008
436,NEVADA,NV,0.563867381251961,0.43613261874803894,412827,533736,967848,"OBAMA, BARACK H.","MCCAIN, JOHN",2008
437,NEW HAMPSHIRE,NH,0.548685411201095,0.45131458879890496,316534,384826,710970,"OBAMA, BARACK H.","MCCAIN, JOHN",2008
438,NEW JERSEY,NJ,0.5786462987142394,0.4213537012857605,1613207,2215422,3868237,"OBAMA, BARACK H.","MCCAIN, JOHN",2008
439,NEW MEXICO,NM,0.5766490001879759,0.4233509998120241,346832,472422,830158,"OBAMA, BARACK H.","MCCAIN, JOHN",2008
440,NEW YORK,NY,0.6576385737978426,0.34236142620215737,2418323,4645332,7722019,"OBAMA, BARACK H.","MCCAIN, JOHN",2008
441,NORTH CAROLINA,NC,0.5016596330006732,0.4983403669993269,2128474,2142651,4310851,"OBAMA, BARACK H.","MCCAIN, JOHN",2008
442,NORTH DAKOTA,ND,0.4559134371803188,0.5440865628196813,168601,141278,316621,"OBAMA, BARACK H.","MCCAIN, JOHN",2008
443,OHIO,OH,0.5233384076225412,0.47666159237745875,2677820,2940044,5708350,"OBAMA, BARACK H.","MCCAIN, JOHN",2008
444,OKLAHOMA,OK,0.343549188773065,0.656450811226935,960165,502496,1462661,"OBAMA, BARACK H.","MCCAIN, JOHN",2008
445,OREGON,OR,0.5841372117722718,0.4158627882277282,738475,1037291,1827864,"OBAMA, BARACK H.","MCCAIN, JOHN",2008
446,PENNSYLVANIA,PA,0.5522970381548445,0.4477029618451555,2655885,3276363,6013272,"OBAMA, BARACK H.","MCCAIN, JOHN",2008
447,RHODE ISLAND,RI,0.6419813750914577,0.35801862490854225,165391,296571,471766,"OBAMA, BARACK H.","MCCAIN, JOHN",2008
448,SOUTH CAROLINA,SC,0.4545557081079087,0.5454442918920913,1034896,862449,1920969,"OBAMA, BARACK H.","MCCAIN, JOHN",2008
449,SOUTH DAKOTA,SD,0.45704292765884624,0.5429570723411538,203054,170924,381975,"OBAMA, BARACK H.","MCCAIN, JOHN",2008
450,TENNESSEE,TN,0.4236852819764554,0.5763147180235446,1479178,1087437,2599749,"OBAMA, BARACK H.","MCCAIN, JOHN",2008
451,TEXAS,TX,0.4406406324905928,0.5593593675094072,4479328,3528633,8077795,"OBAMA, BARACK H.","MCCAIN, JOHN",2008
452,UTAH,UT,0.35473638627259935,0.6452636137274007,596030,327670,952370,"OBAMA, BARACK H.","MCCAIN, JOHN",2008
453,VERMONT,VT,0.688991817393381,0.311008182606619,98974,219262,325046,"OBAMA, BARACK H.","MCCAIN, JOHN",2008
454,VIRGINIA,VA,0.5318258440612755,0.46817415593872447,1725005,1959532,3723260,"OBAMA, BARACK H.","MCCAIN, JOHN",2008
455,WASHINGTON,WA,0.5875202680210895,0.4124797319789105,1229216,1750848,3036878,"OBAMA, BARACK H.","MCCAIN, JOHN",2008
456,WEST VIRGINIA,WV,0.4332625623286275,0.5667374376713725,397466,303857,713451,"OBAMA, BARACK H.","MCCAIN, JOHN",2008
457,WISCONSIN,WI,0.5705567824781841,0.42944321752181586,1262393,1677211,2983417,"OBAMA, BARACK H.","MCCAIN, JOHN",2008
458,WYOMING,WY,0.3343797664490409,0.6656202335509591,164958,82868,254904,"OBAMA, BARACK H.","MCCAIN, JOHN",2008
459,ALABAMA,AL,0.38783771466562295,0.6121622853343771,1255925,795696,2074338,"OBAMA, BARACK H.","ROMNEY, MITT",2012
460,ALASKA,AK,0.4268470951843963,0.5731529048156038,164676,122640,300495,"OBAMA, BARACK H.","ROMNEY, MITT",2012
461,ARIZONA,AZ,0.4538661977629681,0.5461338022370319,1233654,1025232,2299254,"OBAMA, BARACK H.","ROMNEY, MITT",2012
462,ARKANSAS,AR,0.3784559464877038,0.6215440535122961,647744,394409,1069468,"OBAMA, BARACK H.","ROMNEY, MITT",2012
463,CALIFORNIA,CA,0.6187281116329663,0.3812718883670338,4839958,7854285,13038547,"OBAMA, BARACK H.","ROMNEY, MITT",2012
464,COLORADO,CO,0.5274798831420252,0.47252011685797485,1185243,1323101,2569516,"OBAMA, BARACK H.","ROMNEY, MITT",2012
465,CONNECTICUT,CT,0.587725774769071,0.41227422523092905,634892,905083,1558204,"OBAMA, BARACK H.","ROMNEY, MITT",2012
466,DELAWARE,DE,0.5944695491927816,0.4055304508072184,165484,242584,413890,"OBAMA, BARACK H.","ROMNEY, MITT",2012
467,DISTRICT OF COLUMBIA,DC,0.9258764920211752,0.07412350797882483,21381,267070,293764,"OBAMA, BARACK H.","ROMNEY, MITT",2012
468,FLORIDA,FL,0.5044225213936623,0.49557747860633766,4163447,4237756,8474179,"OBAMA, BARACK H.","ROMNEY, MITT",2012
469,GEORGIA,GA,0.46043350901943275,0.5395664909805672,2078688,1773827,3897839,"OBAMA, BARACK H.","ROMNEY, MITT",2012
470,HAWAII,HI,0.7170384850107442,0.2829615149892558,121015,306658,437159,"OBAMA, BARACK H.","ROMNEY, MITT",2012
471,IDAHO,ID,0.3357861315642467,0.6642138684357534,420911,212787,652274,"OBAMA, BARACK H.","ROMNEY, MITT",2012
472,ILLINOIS,IL,0.585775233921169,0.4142247660788309,2135216,3019512,5242014,"OBAMA, BARACK H.","ROMNEY, MITT",2012
473,INDIANA,IN,0.447996254026727,0.5520037459732731,1420543,1152887,2624534,"OBAMA, BARACK H.","ROMNEY, MITT",2012
474,IOWA,IA,0.5295935192810017,0.4704064807189982,730617,822544,1582180,"OBAMA, BARACK H.","ROMNEY, MITT",2012
475,KANSAS,KS,0.38886673254746945,0.6111332674525305,692634,440726,1159971,"OBAMA, BARACK H.","ROMNEY, MITT",2012
476,KENTUCKY,KY,0.38457227606195094,0.6154277239380491,1087190,679370,1797212,"OBAMA, BARACK H.","ROMNEY, MITT",2012
477,LOUISIANA,LA,0.4125317438588602,0.5874682561411397,1152262,809141,1994065,"OBAMA, BARACK H.","ROMNEY, MITT",2012
478,MAINE,ME,0.5785992139357711,0.42140078606422887,292276,401306,724758,"OBAMA, BARACK H.","ROMNEY, MITT",2012
479,MARYLAND,MD,0.6332172578690598,0.3667827421309402,971869,1677844,2707327,"OBAMA, BARACK H.","ROMNEY, MITT",2012
480,MASSACHUSETTS,MA,0.6178568074906001,0.38214319250939993,1188314,1921290,3184196,"OBAMA, BARACK H.","ROMNEY, MITT",2012
481,MICHIGAN,MI,0.5480053207117788,0.45199467928822123,2115256,2564569,4730961,"OBAMA, BARACK H.","ROMNEY, MITT",2012
482,MINNESOTA,MN,0.5394122646169819,0.4605877353830181,1320225,1546167,2936561,"OBAMA, BARACK H.","ROMNEY, MITT",2012
483,MISSISSIPPI,MS,0.4419810080121222,0.5580189919878777,710746,562949,1285584,"OBAMA, BARACK H.","ROMNEY, MITT",2012
484,MISSOURI,MO,0.45221333246620027,0.5477866675337997,1482440,1223796,2757323,"OBAMA, BARACK H.","ROMNEY, MITT",2012
485,MONTANA,MT,0.42965768136118543,0.5703423186388146,267928,201839,484048,"OBAMA, BARACK H.","ROMNEY, MITT",2012
486,NEBRASKA,NE,0.38870609731774636,0.6112939026822536,475064,302081,794379,"OBAMA, BARACK H.","ROMNEY, MITT",2012
487,NEVADA,NV,0.5340754216334653,0.46592457836653467,463567,531373,1014918,"OBAMA, BARACK H.","ROMNEY, MITT",2012
488,NEW HAMPSHIRE,NH,0.528337519782581,0.47166248021741897,329918,369561,710972,"OBAMA, BARACK H.","ROMNEY, MITT",2012
489,NEW JERSEY,NJ,0.5895196555058577,0.4104803444941423,1478088,2122786,3638499,"OBAMA, BARACK H.","ROMNEY, MITT",2012
490,NEW MEXICO,NM,0.5529520464690869,0.44704795353091303,335788,415335,783758,"OBAMA, BARACK H.","ROMNEY, MITT",2012
491,NEW YORK,NY,0.6604269487027739,0.3395730512972261,2223397,4324228,7116784,"OBAMA, BARACK H.","ROMNEY, MITT",2012
492,NORTH CAROLINA,NC,0.48965965096995,0.51034034903005,2270395,2178391,4505372,"OBAMA, BARACK H.","ROMNEY, MITT",2012
493,NORTH DAKOTA,ND,0.39888791711088273,0.6011120828891173,188320,124966,322932,"OBAMA, BARACK H.","ROMNEY, MITT",2012
494,OHIO,OH,0.5151405676924949,0.48485943230750506,2661407,2827621,5580822,"OBAMA, BARACK H.","ROMNEY, MITT",2012
495,OKLAHOMA,OK,0.3322768025698344,0.6677231974301656,891325,443547,1334872,"OBAMA, BARACK H.","ROMNEY, MITT",2012
496,OREGON,OR,0.5627116717874738,0.43728832821252617,754175,970488,1789270,"OBAMA, BARACK H.","ROMNEY, MITT",2012
497,PENNSYLVANIA,PA,0.5273193400189182,0.4726806599810817,2680434,2990274,5742040,"OBAMA, BARACK H.","ROMNEY, MITT",2012
498,RHODE ISLAND,RI,0.6401674597888212,0.3598325402111788,157204,279677,446049,"OBAMA, BARACK H.","ROMNEY, MITT",2012
499,SOUTH CAROLINA,SC,0.44691745295434626,0.5530825470456537,1071645,865941,1964118,"OBAMA, BARACK H.","ROMNEY, MITT",2012
500,SOUTH DAKOTA,SD,0.4078150086180476,0.5921849913819525,210610,145039,363815,"OBAMA, BARACK H.","ROMNEY, MITT",2012
501,TENNESSEE,TN,0.3964892847370595,0.6035107152629404,1462330,960709,2458577,"OBAMA, BARACK H.","ROMNEY, MITT",2012
502,TEXAS,TX,0.41992102784893615,0.5800789721510639,4569843,3308124,7993851,"OBAMA, BARACK H.","ROMNEY, MITT",2012
503,UTAH,UT,0.2537381110485252,0.7462618889514748,740600,251813,1017440,"OBAMA, BARACK H.","ROMNEY, MITT",2012
504,VERMONT,VT,0.6824725882639062,0.3175274117360937,92698,199239,299290,"OBAMA, BARACK H.","ROMNEY, MITT",2012
505,VIRGINIA,VA,0.5196737668876448,0.48032623311235517,1822522,1971820,3854489,"OBAMA, BARACK H.","ROMNEY, MITT",2012
506,WASHINGTON,WA,0.5762829827062185,0.42371701729378153,1290670,1755396,3125516,"OBAMA, BARACK H.","ROMNEY, MITT",2012
507,WEST VIRGINIA,WV,0.36325702367957263,0.6367429763204273,417655,238269,670438,"OBAMA, BARACK H.","ROMNEY, MITT",2012
508,WISCONSIN,WI,0.5346342998287241,0.4653657001712759,1410966,1620985,3071434,"OBAMA, BARACK H.","ROMNEY, MITT",2012
509,WYOMING,WY,0.2883936598847857,0.7116063401152143,170962,69286,250701,"OBAMA, BARACK H.","ROMNEY, MITT",2012
510,ALABAMA,AL,0.3562585640603926,0.6437414359396074,1318255,729547,2123372,"CLINTON, HILLARY","TRUMP, DONALD J.",2016
511,ALASKA,AK,0.4161434528893193,0.5838565471106807,163387,116454,318608,"CLINTON, HILLARY","TRUMP, DONALD J.",2016
512,ARIZONA,AZ,0.4810997659896054,0.5189002340103945,1252401,1161167,2573165,"CLINTON, HILLARY","TRUMP, DONALD J.",2016
513,ARKANSAS,AR,0.35714862310229534,0.6428513768977047,684872,380494,1130635,"CLINTON, HILLARY","TRUMP, DONALD J.",2016
514,CALIFORNIA,CA,0.6612822054272989,0.3387177945727012,4483810,8753788,14181595,"CLINTON, HILLARY","TRUMP, DONALD J.",2016
515,COLORADO,CO,0.5268333337268244,0.47316666627317566,1202484,1338870,2780220,"CLINTON, HILLARY","TRUMP, DONALD J.",2016
516,CONNECTICUT,CT,0.5714154751726364,0.4285845248273636,673215,897572,1644920,"CLINTON, HILLARY","TRUMP, DONALD J.",2016
517,DELAWARE,DE,0.5599862144368122,0.4400137855631878,185127,235603,441590,"CLINTON, HILLARY","TRUMP, DONALD J.",2016
518,DISTRICT OF COLUMBIA,DC,0.9569518834185409,0.04304811658145916,12723,282830,312575,"CLINTON, HILLARY","TRUMP, DONALD J.",2016
519,FLORIDA,FL,0.4938116452722452,0.5061883547277548,4617886,4504975,9420039,"CLINTON, HILLARY","TRUMP, DONALD J.",2016
520,GEORGIA,GA,0.47338827400696787,0.5266117259930322,2089104,1877963,4114732,"CLINTON, HILLARY","TRUMP, DONALD J.",2016
521,HAWAII,HI,0.6744133745053545,0.32558662549464545,128847,266891,437664,"CLINTON, HILLARY","TRUMP, DONALD J.",2016
522,IDAHO,ID,0.31689823319194416,0.6831017668080558,409055,189765,690255,"CLINTON, HILLARY","TRUMP, DONALD J.",2016
523,ILLINOIS,IL,0.5902005139071148,0.4097994860928852,2146015,3090729,5536424,"CLINTON, HILLARY","TRUMP, DONALD J.",2016
524,INDIANA,IN,0.3988269047549193,0.6011730952450807,1557286,1033126,2734958,"CLINTON, HILLARY","TRUMP, DONALD J.",2016
525,IOWA,IA,0.4493645215487965,0.5506354784512034,800983,653669,1565580,"CLINTON, HILLARY","TRUMP, DONALD J.",2016
526,KANSAS,KS,0.38888529657393334,0.6111147034260667,671018,427005,1184402,"CLINTON, HILLARY","TRUMP, DONALD J.",2016
527,KENTUCKY,KY,0.34329370982490137,0.6567062901750986,1202971,628854,1924149,"CLINTON, HILLARY","TRUMP, DONALD J.",2016
528,LOUISIANA,LA,0.3982832276219221,0.601716772378078,1178638,780154,2029032,"CLINTON, HILLARY","TRUMP, DONALD J.",2016
529,MAINE,ME,0.5159679112916253,0.48403208870837466,335593,357735,771892,"CLINTON, HILLARY","TRUMP, DONALD J.",2016
530,MARYLAND,MD,0.6401624968476939,0.35983750315230606,943169,1677928,2781446,"CLINTON, HILLARY","TRUMP, DONALD J.",2016
531,MASSACHUSETTS,MA,0.646512786896295,0.35348721310370507,1090893,1995196,3378821,"CLINTON, HILLARY","TRUMP, DONALD J.",2016
532,MICHIGAN,MI,0.4988233178303845,0.5011766821696155,2279543,2268839,4799284,"CLINTON, HILLARY","TRUMP, DONALD J.",2016
533,MINNESOTA,MN,0.5083169370718048,0.49168306292819514,1322949,1367705,2944782,"CLINTON, HILLARY","TRUMP, DONALD J.",2016
534,MISSISSIPPI,MS,0.4091015267593994,0.5908984732406006,700714,485131,1209357,"CLINTON, HILLARY","TRUMP, DONALD J.",2016
535,MISSOURI,MO,0.40181439004433933,0.5981856099556606,1594511,1071068,2808605,"CLINTON, HILLARY","TRUMP, DONALD J.",2016
536,MONTANA,MT,0.38890335682975563,0.6110966431702444,279240,177709,494526,"CLINTON, HILLARY","TRUMP, DONALD J.",2016
537,NEBRASKA,NE,0.3645232588682243,0.6354767411317757,495961,284494,844227,"CLINTON, HILLARY","TRUMP, DONALD J.",2016
538,NEVADA,NV,0.512937094199852,0.487062905800148,512058,539260,1125385,"CLINTON, HILLARY","TRUMP, DONALD J.",2016
539,NEW HAMPSHIRE,NH,0.501970284423807,0.49802971557619297,345790,348526,744296,"CLINTON, HILLARY","TRUMP, DONALD J.",2016
540,NEW JERSEY,NJ,0.5728419014290129,0.4271580985709871,1601933,2148278,3874046,"CLINTON, HILLARY","TRUMP, DONALD J.",2016
541,NEW MEXICO,NM,0.5465079493432411,0.4534920506567589,319667,385234,798319,"CLINTON, HILLARY","TRUMP, DONALD J.",2016
542,NEW YORK,NY,0.6341150649977537,0.3658849350022463,2527142,4379789,7802084,"CLINTON, HILLARY","TRUMP, DONALD J.",2016
543,NORTH CAROLINA,NC,0.48096254196281285,0.5190374580371871,2362631,2189316,4741564,"CLINTON, HILLARY","TRUMP, DONALD J.",2016
544,NORTH DAKOTA,ND,0.30190757103480254,0.6980924289651974,216794,93758,344360,"CLINTON, HILLARY","TRUMP, DONALD J.",2016
545,OHIO,OH,0.45732315422864095,0.5426768457713591,2841005,2394164,5496487,"CLINTON, HILLARY","TRUMP, DONALD J.",2016
546,OKLAHOMA,OK,0.30695262761671865,0.6930473723832813,949136,420375,1452992,"CLINTON, HILLARY","TRUMP, DONALD J.",2016
547,OREGON,OR,0.5615583894505436,0.43844161054945646,782403,1002106,2001336,"CLINTON, HILLARY","TRUMP, DONALD J.",2016
548,PENNSYLVANIA,PA,0.4962446419250984,0.5037553580749017,2970733,2926441,6115402,"CLINTON, HILLARY","TRUMP, DONALD J.",2016
549,RHODE ISLAND,RI,0.5831070409265982,0.41689295907340185,180543,252525,464144,"CLINTON, HILLARY","TRUMP, DONALD J.",2016
550,SOUTH CAROLINA,SC,0.4253974363947598,0.5746025636052402,1155389,855373,2103027,"CLINTON, HILLARY","TRUMP, DONALD J.",2016
551,SOUTH DAKOTA,SD,0.3402814192056875,0.6597185807943126,227721,117458,370093,"CLINTON, HILLARY","TRUMP, DONALD J.",2016
552,TENNESSEE,TN,0.3637565695473801,0.6362434304526199,1522925,870695,2508027,"CLINTON, HILLARY","TRUMP, DONALD J.",2016
553,TEXAS,TX,0.45286774422028014,0.5471322557797199,4685047,3877868,8969226,"CLINTON, HILLARY","TRUMP, DONALD J.",2016
554,UTAH,UT,0.37617101654588714,0.6238289834541129,515211,310674,1131317,"CLINTON, HILLARY","TRUMP, DONALD J.",2016
555,VERMONT,VT,0.6518642632382037,0.34813573676179627,95369,178573,320467,"CLINTON, HILLARY","TRUMP, DONALD J.",2016
556,VIRGINIA,VA,0.528263762771547,0.471736237228453,1769443,1981473,3982752,"CLINTON, HILLARY","TRUMP, DONALD J.",2016
557,WASHINGTON,WA,0.5878693120006476,0.4121306879993523,1221747,1742718,3317019,"CLINTON, HILLARY","TRUMP, DONALD J.",2016
558,WEST VIRGINIA,WV,0.27838947748704224,0.7216105225129578,489371,188794,713051,"CLINTON, HILLARY","TRUMP, DONALD J.",2016
559,WISCONSIN,WI,0.49592010961970284,0.5040798903802971,1405284,1382536,2976150,"CLINTON, HILLARY","TRUMP, DONALD J.",2016
560,WYOMING,WY,0.2429468037084621,0.7570531962915379,174419,55973,258788,"CLINTON, HILLARY","TRUMP, DONALD J.",2016
561,ALABAMA,AL,0.3708862516664528,0.6291137483335473,1441170,849624,2323282,"BIDEN, JOSEPH R. JR","TRUMP, DONALD J.",2020
562,ALASKA,AK,0.4473815127615069,0.5526184872384932,189951,153778,359530,"BIDEN, JOSEPH R. JR","TRUMP, DONALD J.",2020
563,ARIZONA,AZ,0.5015683167912931,0.49843168320870684,1661686,1672143,3387326,"BIDEN, JOSEPH R. JR","TRUMP, DONALD J.",2020
564,ARKANSAS,AR,0.3578756672201685,0.6421243327798315,760647,423932,1219069,"BIDEN, JOSEPH R. JR","TRUMP, DONALD J.",2020
565,CALIFORNIA,CA,0.6490891136066756,0.3509108863933243,6006429,11110250,17500881,"BIDEN, JOSEPH R. JR","TRUMP, DONALD J.",2020
566,COLORADO,CO,0.5693831949230015,0.43061680507699845,1364607,1804352,3279980,"BIDEN, JOSEPH R. JR","TRUMP, DONALD J.",2020
567,CONNECTICUT,CT,0.6019504908807785,0.39804950911922155,714717,1080831,1823857,"BIDEN, JOSEPH R. JR","TRUMP, DONALD J.",2020
568,DELAWARE,DE,0.5962674416498447,0.40373255835015526,200603,296268,504346,"BIDEN, JOSEPH R. JR","TRUMP, DONALD J.",2020
569,DISTRICT OF COLUMBIA,DC,0.9446695384761944,0.05533046152380555,18586,317323,344356,"BIDEN, JOSEPH R. JR","TRUMP, DONALD J.",2020
570,FLORIDA,FL,0.48305245337858443,0.5169475466214156,5668731,5297045,11067456,"BIDEN, JOSEPH R. JR","TRUMP, DONALD J.",2020
571,GEORGIA,GA,0.5011932966290864,0.49880670337091354,2461854,2473633,4999960,"BIDEN, JOSEPH R. JR","TRUMP, DONALD J.",2020
572,HAWAII,HI,0.6503266464651488,0.3496733535348512,196864,366130,579784,"BIDEN, JOSEPH R. JR","TRUMP, DONALD J.",2020
573,IDAHO,ID,0.3412285707492213,0.6587714292507787,554119,287021,868014,"BIDEN, JOSEPH R. JR","TRUMP, DONALD J.",2020
574,ILLINOIS,IL,0.5865904373280693,0.4134095626719308,2446891,3471915,6033743,"BIDEN, JOSEPH R. JR","TRUMP, DONALD J.",2020
575,INDIANA,IN,0.4180495199255704,0.5819504800744296,1729519,1242416,3033118,"BIDEN, JOSEPH R. JR","TRUMP, DONALD J.",2020
576,IOWA,IA,0.4581673691536295,0.5418326308463706,897672,759061,1700130,"BIDEN, JOSEPH R. JR","TRUMP, DONALD J.",2020
577,KANSAS,KS,0.4250657174436865,0.5749342825563135,771406,570323,1372303,"BIDEN, JOSEPH R. JR","TRUMP, DONALD J.",2020
578,KENTUCKY,KY,0.36799897099737033,0.6320010290026297,1326646,772474,2136768,"BIDEN, JOSEPH R. JR","TRUMP, DONALD J.",2020
579,LOUISIANA,LA,0.4053555954370895,0.5946444045629105,1255776,856034,2148062,"BIDEN, JOSEPH R. JR","TRUMP, DONALD J.",2020
580,MAINE,ME,0.5467040458200397,0.45329595417996027,360737,435072,828305,"BIDEN, JOSEPH R. JR","TRUMP, DONALD J.",2020
581,MARYLAND,MD,0.6702904704709234,0.3297095295290766,976414,1985023,3037030,"BIDEN, JOSEPH R. JR","TRUMP, DONALD J.",2020
582,MASSACHUSETTS,MA,0.6711554954014815,0.3288445045985185,1167202,2382202,3658005,"BIDEN, JOSEPH R. JR","TRUMP, DONALD J.",2020
583,MICHIGAN,MI,0.5141355934440947,0.4858644065559054,2649852,2804040,5539302,"BIDEN, JOSEPH R. JR","TRUMP, DONALD J.",2020
584,MINNESOTA,MN,0.5363951364856667,0.46360486351433333,1484065,1717077,3277171,"BIDEN, JOSEPH R. JR","TRUMP, DONALD J.",2020
585,MISSISSIPPI,MS,0.4161501417261114,0.5838498582738886,756764,539398,1313759,"BIDEN, JOSEPH R. JR","TRUMP, DONALD J.",2020
586,MISSOURI,MO,0.4216417935559855,0.5783582064440145,1718736,1253014,3025962,"BIDEN, JOSEPH R. JR","TRUMP, DONALD J.",2020
587,MONTANA,MT,0.41602819907951893,0.5839718009204811,343602,244786,603674,"BIDEN, JOSEPH R. JR","TRUMP, DONALD J.",2020
588,NEBRASKA,NE,0.40215947753398273,0.5978405224660173,556846,374583,956383,"BIDEN, JOSEPH R. JR","TRUMP, DONALD J.",2020
589,NEVADA,NV,0.512231173400438,0.48776882659956194,669890,703486,1405376,"BIDEN, JOSEPH R. JR","TRUMP, DONALD J.",2020
590,NEW HAMPSHIRE,NH,0.5374834772159505,0.4625165227840496,365654,424921,806182,"BIDEN, JOSEPH R. JR","TRUMP, DONALD J.",2020
591,NEW JERSEY,NJ,0.5807128358679484,0.4192871641320516,1883274,2608335,4549353,"BIDEN, JOSEPH R. JR","TRUMP, DONALD J.",2020
592,NEW MEXICO,NM,0.5551849015171975,0.4448150984828026,401894,501614,923965,"BIDEN, JOSEPH R. JR","TRUMP, DONALD J.",2020
593,NEW YORK,NY,0.6171683489301224,0.38283165106987754,3244798,5230985,8661735,"BIDEN, JOSEPH R. JR","TRUMP, DONALD J.",2020
594,NORTH CAROLINA,NC,0.4931581746681328,0.5068418253318673,2758773,2684292,5524802,"BIDEN, JOSEPH R. JR","TRUMP, DONALD J.",2020
595,NORTH DAKOTA,ND,0.3278259157710337,0.6721740842289663,235595,114902,361819,"BIDEN, JOSEPH R. JR","TRUMP, DONALD J.",2020
596,OHIO,OH,0.45923302352297285,0.5407669764770272,3154834,2679165,5922202,"BIDEN, JOSEPH R. JR","TRUMP, DONALD J.",2020
597,OKLAHOMA,OK,0.3305996050309349,0.6694003949690651,1020280,503890,1560699,"BIDEN, JOSEPH R. JR","TRUMP, DONALD J.",2020
598,OREGON,OR,0.5830715698544173,0.4169284301455827,958448,1340383,2374321,"BIDEN, JOSEPH R. JR","TRUMP, DONALD J.",2020
599,PENNSYLVANIA,PA,0.5058920525934906,0.49410794740650943,3377674,3458229,6915283,"BIDEN, JOSEPH R. JR","TRUMP, DONALD J.",2020
600,RHODE ISLAND,RI,0.6059935988395926,0.3940064011604074,199922,307486,516990,"BIDEN, JOSEPH R. JR","TRUMP, DONALD J.",2020
601,SOUTH CAROLINA,SC,0.44073391250417904,0.559266087495821,1385103,1091541,2514096,"BIDEN, JOSEPH R. JR","TRUMP, DONALD J.",2020
602,SOUTH DAKOTA,SD,0.365652201383185,0.634347798616815,261043,150471,422609,"BIDEN, JOSEPH R. JR","TRUMP, DONALD J.",2020
603,TENNESSEE,TN,0.38172229627933646,0.6182777037206635,1852475,1143711,3053851,"BIDEN, JOSEPH R. JR","TRUMP, DONALD J.",2020
604,TEXAS,TX,0.4716927876322047,0.5283072123677953,5890347,5259126,11315056,"BIDEN, JOSEPH R. JR","TRUMP, DONALD J.",2020
605,UTAH,UT,0.39306394878148365,0.6069360512185163,865140,560282,1488289,"BIDEN, JOSEPH R. JR","TRUMP, DONALD J.",2020
606,VERMONT,VT,0.6829918655280656,0.3170081344719344,112704,242820,370968,"BIDEN, JOSEPH R. JR","TRUMP, DONALD J.",2020
607,VIRGINIA,VA,0.551546869993999,0.4484531300060009,1962430,2413568,4460524,"BIDEN, JOSEPH R. JR","TRUMP, DONALD J.",2020
608,WASHINGTON,WA,0.599255031847907,0.4007449681520931,1584651,2369612,4087631,"BIDEN, JOSEPH R. JR","TRUMP, DONALD J.",2020
609,WEST VIRGINIA,WV,0.3020146768607797,0.6979853231392202,545382,235984,794652,"BIDEN, JOSEPH R. JR","TRUMP, DONALD J.",2020
610,WISCONSIN,WI,0.5031906326653399,0.4968093673346601,1610184,1630866,3298041,"BIDEN, JOSEPH R. JR","TRUMP, DONALD J.",2020
611,WYOMING,WY,0.27519565624414905,0.724804343755851,193559,73491,278503,"BIDEN, JOSEPH R. JR","TRUMP, DONALD J.",2020
